{
	"credit": "Made with Blockbench",
	"textures": {
		"1": "etc/k"
	},
	"elements": [
		{
			"name": "s5",
			"from": [4, 3, 9.75],
			"to": [12, 11, 10],
			"rotation": {"angle": 0, "axis": "y", "origin": [8, 9, 7]},
			"faces": {
				"north": {"uv": [6, 1, 10, 2], "texture": "#1"},
				"east": {"uv": [6.5, 6, 7.5, 10.5], "texture": "#1"},
				"south": {"uv": [6, 6, 12, 10.5], "texture": "#1"},
				"west": {"uv": [6.5, 6, 7.5, 10.5], "texture": "#1"},
				"up": {"uv": [0, 5.5, 1.5, 6.5], "texture": "#1"},
				"down": {"uv": [5, 6.5, 12, 7.5], "texture": "#1"}
			}
		},
		{
			"name": "s4",
			"from": [4, 3, 4],
			"to": [12, 11, 4.25],
			"rotation": {"angle": 0, "axis": "y", "origin": [8, 9, 9]},
			"faces": {
				"north": {"uv": [1, 6, 7, 10.5], "texture": "#1"},
				"east": {"uv": [6.5, 6, 7.5, 10.5], "texture": "#1"},
				"south": {"uv": [6, 1, 10, 2], "texture": "#1"},
				"west": {"uv": [6.5, 6, 7.5, 10.5], "texture": "#1"},
				"up": {"uv": [0, 5.5, 1.5, 6.5], "texture": "#1"},
				"down": {"uv": [5, 6.5, 12, 7.5], "texture": "#1"}
			}
		},
		{
			"name": "s3",
			"from": [4, 3, 4.25],
			"to": [4.25, 11, 9.75],
			"rotation": {"angle": 0, "axis": "y", "origin": [8, 9, 9]},
			"faces": {
				"north": {"uv": [0, 0, 0, 8], "texture": "#missing"},
				"east": {"uv": [6, 1, 10, 2], "texture": "#1"},
				"south": {"uv": [0, 0, 0, 8], "texture": "#missing"},
				"west": {"uv": [6, 6, 10, 10.5], "texture": "#1"},
				"up": {"uv": [0, 5.5, 1.5, 6.5], "texture": "#1"},
				"down": {"uv": [5, 6.5, 12, 7.5], "texture": "#1"}
			}
		},
		{
			"name": "s2",
			"from": [11.75, 3, 4.25],
			"to": [12, 11, 9.75],
			"rotation": {"angle": 0, "axis": "y", "origin": [8, 9, 9]},
			"faces": {
				"north": {"uv": [0, 0, 0, 8], "texture": "#missing"},
				"east": {"uv": [6, 6, 10, 10.5], "texture": "#1"},
				"south": {"uv": [0, 0, 0, 8], "texture": "#missing"},
				"west": {"uv": [6, 1, 10, 2], "texture": "#1"},
				"up": {"uv": [0, 5.5, 1.5, 6.5], "texture": "#1"},
				"down": {"uv": [5, 6.5, 12, 7.5], "texture": "#1"}
			}
		},
		{
			"name": "s",
			"from": [4.25, 10.75, 4.25],
			"to": [11.75, 11, 9.75],
			"rotation": {"angle": 0, "axis": "y", "origin": [8, 9, 9]},
			"faces": {
				"north": {"uv": [0, 0, 8, 0], "texture": "#missing"},
				"east": {"uv": [0, 0, 6, 0], "texture": "#1"},
				"south": {"uv": [0, 0, 8, 0], "texture": "#missing"},
				"west": {"uv": [0, 0, 6, 0], "texture": "#missing"},
				"up": {"uv": [0, 5.5, 1.5, 6.5], "texture": "#1"},
				"down": {"uv": [6, 1, 10, 2], "texture": "#1"}
			}
		},
		{
			"name": "body",
			"from": [5, 11, 5],
			"to": [11, 17, 9],
			"rotation": {"angle": 0, "axis": "y", "origin": [8, 9, 9]},
			"faces": {
				"north": {"uv": [2, 3, 6, 7.5], "texture": "#1"},
				"east": {"uv": [0, 2, 2, 6.5], "texture": "#1"},
				"south": {"uv": [8, 2, 12, 6.5], "texture": "#1"},
				"west": {"uv": [0, 2, 2, 6.5], "texture": "#1"},
				"up": {"uv": [2, 0, 6, 2], "rotation": 180, "texture": "#1"},
				"down": {"uv": [0, 0, 6, 4], "texture": "#missing"}
			}
		},
		{
			"name": "leg",
			"from": [5, 3, 5],
			"to": [11, 9, 9],
			"rotation": {"angle": 0, "axis": "y", "origin": [8, -2, 9]},
			"faces": {
				"north": {"uv": [9, 12.5, 14, 16], "texture": "#1"},
				"east": {"uv": [12.5, 12.5, 15, 16], "texture": "#1"},
				"south": {"uv": [12.5, 12.5, 15, 16], "texture": "#1"},
				"west": {"uv": [12.5, 12.5, 15, 16], "texture": "#1"},
				"up": {"uv": [0, 0, 6, 4], "texture": "#missing"},
				"down": {"uv": [0, 0, 6, 4], "texture": "#missing"}
			}
		},
		{
			"name": "leg",
			"from": [8, 0, 5],
			"to": [11, 3, 9],
			"rotation": {"angle": 0, "axis": "y", "origin": [8, -4, 9]},
			"faces": {
				"north": {"uv": [1, 11.5, 5, 16], "texture": "#1"},
				"east": {"uv": [4.5, 11.5, 7, 16], "texture": "#1"},
				"south": {"uv": [4.5, 11.5, 6.5, 16], "texture": "#1"},
				"west": {"uv": [0, 0, 4, 9], "texture": "#missing"},
				"up": {"uv": [0, 0, 6, 4], "texture": "#missing"},
				"down": {"uv": [0, 0, 6, 4], "texture": "#missing"}
			}
		},
		{
			"name": "leg",
			"from": [5, 0, 5],
			"to": [8, 3, 9],
			"rotation": {"angle": 0, "axis": "y", "origin": [5, -4, 9]},
			"faces": {
				"north": {"uv": [1, 11.5, 5, 16], "texture": "#1"},
				"east": {"uv": [0, 0, 4, 9], "texture": "#missing"},
				"south": {"uv": [4.5, 11.5, 6.5, 16], "texture": "#1"},
				"west": {"uv": [4.5, 11.5, 7, 16], "texture": "#1"},
				"up": {"uv": [0, 0, 6, 4], "texture": "#missing"},
				"down": {"uv": [0, 0, 6, 4], "texture": "#missing"}
			}
		},
		{
			"name": "h",
			"from": [1.75, 6, 6],
			"to": [3.75, 14, 8],
			"rotation": {"angle": -22.5, "axis": "z", "origin": [10.5, 11, 8]},
			"faces": {
				"north": {"uv": [12, 4.5, 16, 10.5], "texture": "#1"},
				"east": {"uv": [12, 4.5, 16, 10.5], "texture": "#1"},
				"south": {"uv": [12, 4.5, 16, 10.5], "texture": "#1"},
				"west": {"uv": [12, 4.5, 16, 10.5], "texture": "#1"},
				"up": {"uv": [12, 4.5, 13, 5.5], "texture": "#1"},
				"down": {"uv": [2.5, 0.5, 3.5, 1.5], "texture": "#1"}
			}
		},
		{
			"name": "h",
			"from": [11, 12, 6],
			"to": [13, 20, 8],
			"rotation": {"angle": 22.5, "axis": "z", "origin": [20, 17, 8]},
			"faces": {
				"north": {"uv": [12, 4.5, 16, 10.5], "texture": "#1"},
				"east": {"uv": [12, 4.5, 16, 10.5], "texture": "#1"},
				"south": {"uv": [12, 4.5, 16, 10.5], "texture": "#1"},
				"west": {"uv": [12, 4.5, 16, 10.5], "texture": "#1"},
				"up": {"uv": [12, 4.5, 14, 6.5], "texture": "#1"},
				"down": {"uv": [2.5, 0.5, 3.5, 1.5], "texture": "#1"}
			}
		}
	],
	"display": {
		"thirdperson_righthand": {
			"rotation": [90, 0, 0],
			"translation": [-6, -3, -4]
		},
		"head": {
			"translation": [0, -33.75, 2],
			"scale": [1.5, 1.5, 1.5]
		}
	}
}