{
	"credit": "Made with Blockbench",
	"textures": {
		"0": "etc/club_head",
		"particle": "etc/club_head"
	},
	"elements": [
		{
			"from": [4, 0, 3],
			"to": [13, 7, 12],
			"rotation": {"angle": 0, "axis": "y", "origin": [12, 8, 11]},
			"faces": {
				"north": {"uv": [0, 0, 8.999, 9.283], "texture": "#0"},
				"east": {"uv": [0, 0, 9, 7], "texture": "#0"},
				"south": {"uv": [11.429, 9.143, 15.856, 16], "texture": "#0"},
				"west": {"uv": [0, 0, 9, 7], "texture": "#0"},
				"up": {"uv": [0, 0, 9, 9], "texture": "#0"},
				"down": {"uv": [0, 0, 9, 9], "texture": "#0"}
			}
		}
	],
	"display": {
		"head": {
			"translation": [-1, 11, -0.25]
		}
	}
}