{
	"credit": "Made with Blockbench",
	"textures": {
		"0": "block/purple_concrete",
		"1": "block/gold_block",
		"2": "block/black_shulker_box",
		"3": "block/beacon",
		"particle": "block/purple_concrete"
	},
	"elements": [
		{
			"from": [8, 30, 10],
			"to": [8.5, 31, 10.5],
			"rotation": {"angle": 0, "axis": "y", "origin": [8, 29.5, 8.5]},
			"faces": {
				"north": {"uv": [0, 0, 1, 2], "texture": "#2"},
				"east": {"uv": [0, 0, 1, 2], "texture": "#2"},
				"south": {"uv": [0, 0, 1, 2], "texture": "#2"},
				"west": {"uv": [0, 0, 1, 2], "texture": "#2"},
				"up": {"uv": [0, 0, 1, 1], "rotation": 270, "texture": "#2"},
				"down": {"uv": [0, 0, 1, 1], "rotation": 90, "texture": "#2"}
			}
		},
		{
			"from": [8, 28.5, 10],
			"to": [8.5, 30, 10.5],
			"rotation": {"angle": 0, "axis": "y", "origin": [8, 29.5, 8.5]},
			"faces": {
				"north": {"uv": [0, 0, 1, 3], "texture": "#1"},
				"east": {"uv": [0, 0, 1, 3], "texture": "#1"},
				"south": {"uv": [0, 0, 1, 3], "texture": "#1"},
				"west": {"uv": [0, 0, 1, 3], "texture": "#1"},
				"up": {"uv": [0, 0, 1, 1], "rotation": 270, "texture": "#1"},
				"down": {"uv": [0, 0, 1, 1], "rotation": 90, "texture": "#1"}
			}
		},
		{
			"from": [8, 27.5, 9.5],
			"to": [8.5, 29, 10],
			"rotation": {"angle": 0, "axis": "y", "origin": [8, 29.5, 8.5]},
			"faces": {
				"north": {"uv": [0, 0, 1, 3], "texture": "#1"},
				"east": {"uv": [0, 0, 1, 3], "texture": "#1"},
				"south": {"uv": [0, 0, 1, 3], "texture": "#1"},
				"west": {"uv": [0, 0, 1, 3], "texture": "#1"},
				"up": {"uv": [0, 0, 1, 1], "rotation": 270, "texture": "#1"},
				"down": {"uv": [0, 0, 1, 1], "rotation": 90, "texture": "#1"}
			}
		},
		{
			"from": [8, 28, 9],
			"to": [8.5, 28.5, 9.5],
			"rotation": {"angle": 0, "axis": "y", "origin": [8, 29.5, 8.5]},
			"faces": {
				"north": {"uv": [0, 0, 1, 1], "texture": "#1"},
				"east": {"uv": [0, 0, 1, 1], "texture": "#1"},
				"south": {"uv": [0, 0, 1, 1], "texture": "#1"},
				"west": {"uv": [0, 0, 1, 1], "texture": "#1"},
				"up": {"uv": [0, 0, 1, 1], "rotation": 270, "texture": "#1"},
				"down": {"uv": [0, 0, 1, 1], "rotation": 90, "texture": "#1"}
			}
		},
		{
			"from": [8, 31, 9.5],
			"to": [8.5, 32, 10],
			"rotation": {"angle": 0, "axis": "y", "origin": [8, 30, 8.5]},
			"faces": {
				"north": {"uv": [0, 0, 1, 2], "texture": "#2"},
				"east": {"uv": [6, 6, 7, 8], "texture": "#2"},
				"south": {"uv": [0, 0, 1, 2], "texture": "#2"},
				"west": {"uv": [0, 0, 1, 2], "texture": "#2"},
				"up": {"uv": [0, 0, 1, 1], "rotation": 270, "texture": "#2"},
				"down": {"uv": [0, 0, 1, 1], "rotation": 90, "texture": "#2"}
			}
		},
		{
			"from": [10, 30, 8],
			"to": [10.5, 31, 8.5],
			"rotation": {"angle": 0, "axis": "y", "origin": [8.5, 29.5, 8.5]},
			"faces": {
				"north": {"uv": [0, 0, 1, 2], "texture": "#2"},
				"east": {"uv": [0, 0, 1, 2], "texture": "#2"},
				"south": {"uv": [0, 0, 1, 2], "texture": "#2"},
				"west": {"uv": [0, 0, 1, 2], "texture": "#2"},
				"up": {"uv": [0, 0, 1, 1], "rotation": 180, "texture": "#2"},
				"down": {"uv": [0, 0, 1, 1], "rotation": 180, "texture": "#2"}
			}
		},
		{
			"from": [10, 28.5, 8],
			"to": [10.5, 30, 8.5],
			"rotation": {"angle": 0, "axis": "y", "origin": [8.5, 29.5, 8.5]},
			"faces": {
				"north": {"uv": [0, 0, 1, 3], "texture": "#1"},
				"east": {"uv": [0, 0, 1, 3], "texture": "#1"},
				"south": {"uv": [0, 0, 1, 3], "texture": "#1"},
				"west": {"uv": [0, 0, 1, 3], "texture": "#1"},
				"up": {"uv": [0, 0, 1, 1], "rotation": 180, "texture": "#1"},
				"down": {"uv": [0, 0, 1, 1], "rotation": 180, "texture": "#1"}
			}
		},
		{
			"from": [9.5, 27.5, 8],
			"to": [10, 29, 8.5],
			"rotation": {"angle": 0, "axis": "y", "origin": [8.5, 29.5, 8.5]},
			"faces": {
				"north": {"uv": [0, 0, 1, 3], "texture": "#1"},
				"east": {"uv": [0, 0, 1, 3], "texture": "#1"},
				"south": {"uv": [0, 0, 1, 3], "texture": "#1"},
				"west": {"uv": [0, 0, 1, 3], "texture": "#1"},
				"up": {"uv": [0, 0, 1, 1], "rotation": 180, "texture": "#1"},
				"down": {"uv": [0, 0, 1, 1], "rotation": 180, "texture": "#1"}
			}
		},
		{
			"from": [9, 28, 8],
			"to": [9.5, 28.5, 8.5],
			"rotation": {"angle": 0, "axis": "y", "origin": [8.5, 29.5, 8.5]},
			"faces": {
				"north": {"uv": [0, 0, 1, 1], "texture": "#1"},
				"east": {"uv": [0, 0, 1, 1], "texture": "#1"},
				"south": {"uv": [0, 0, 1, 1], "texture": "#1"},
				"west": {"uv": [0, 0, 1, 1], "texture": "#1"},
				"up": {"uv": [0, 0, 1, 1], "rotation": 180, "texture": "#1"},
				"down": {"uv": [0, 0, 1, 1], "rotation": 180, "texture": "#1"}
			}
		},
		{
			"from": [9.5, 31, 8],
			"to": [10, 32, 8.5],
			"rotation": {"angle": 0, "axis": "y", "origin": [8.5, 30, 8.5]},
			"faces": {
				"north": {"uv": [6, 6, 7, 8], "texture": "#2"},
				"east": {"uv": [0, 0, 1, 2], "texture": "#2"},
				"south": {"uv": [0, 0, 1, 2], "texture": "#2"},
				"west": {"uv": [0, 0, 1, 2], "texture": "#2"},
				"up": {"uv": [0, 0, 1, 1], "rotation": 180, "texture": "#2"},
				"down": {"uv": [0, 0, 1, 1], "rotation": 180, "texture": "#2"}
			}
		},
		{
			"from": [8, 30, 6],
			"to": [8.5, 31, 6.5],
			"rotation": {"angle": 0, "axis": "y", "origin": [8.5, 29.5, 8]},
			"faces": {
				"north": {"uv": [0, 0, 1, 2], "texture": "#2"},
				"east": {"uv": [0, 0, 1, 2], "texture": "#2"},
				"south": {"uv": [0, 0, 1, 2], "texture": "#2"},
				"west": {"uv": [0, 0, 1, 2], "texture": "#2"},
				"up": {"uv": [0, 0, 1, 1], "rotation": 90, "texture": "#2"},
				"down": {"uv": [0, 0, 1, 1], "rotation": 270, "texture": "#2"}
			}
		},
		{
			"from": [8, 28.5, 6],
			"to": [8.5, 30, 6.5],
			"rotation": {"angle": 0, "axis": "y", "origin": [8.5, 29.5, 8]},
			"faces": {
				"north": {"uv": [0, 0, 1, 3], "texture": "#1"},
				"east": {"uv": [0, 0, 1, 3], "texture": "#1"},
				"south": {"uv": [0, 0, 1, 3], "texture": "#1"},
				"west": {"uv": [0, 0, 1, 3], "texture": "#1"},
				"up": {"uv": [0, 0, 1, 1], "rotation": 90, "texture": "#1"},
				"down": {"uv": [0, 0, 1, 1], "rotation": 270, "texture": "#1"}
			}
		},
		{
			"from": [8, 27.5, 6.5],
			"to": [8.5, 29, 7],
			"rotation": {"angle": 0, "axis": "y", "origin": [8.5, 29.5, 8]},
			"faces": {
				"north": {"uv": [0, 0, 1, 3], "texture": "#1"},
				"east": {"uv": [0, 0, 1, 3], "texture": "#1"},
				"south": {"uv": [0, 0, 1, 3], "texture": "#1"},
				"west": {"uv": [0, 0, 1, 3], "texture": "#1"},
				"up": {"uv": [0, 0, 1, 1], "rotation": 90, "texture": "#1"},
				"down": {"uv": [0, 0, 1, 1], "rotation": 270, "texture": "#1"}
			}
		},
		{
			"from": [8, 28, 7],
			"to": [8.5, 28.5, 7.5],
			"rotation": {"angle": 0, "axis": "y", "origin": [8.5, 29.5, 8]},
			"faces": {
				"north": {"uv": [0, 0, 1, 1], "texture": "#1"},
				"east": {"uv": [0, 0, 1, 1], "texture": "#1"},
				"south": {"uv": [0, 0, 1, 1], "texture": "#1"},
				"west": {"uv": [0, 0, 1, 1], "texture": "#1"},
				"up": {"uv": [0, 0, 1, 1], "rotation": 90, "texture": "#1"},
				"down": {"uv": [0, 0, 1, 1], "rotation": 270, "texture": "#1"}
			}
		},
		{
			"from": [8, 31, 6.5],
			"to": [8.5, 32, 7],
			"rotation": {"angle": 0, "axis": "y", "origin": [8.5, 30, 8]},
			"faces": {
				"north": {"uv": [0, 0, 1, 2], "texture": "#2"},
				"east": {"uv": [0, 0, 1, 2], "texture": "#2"},
				"south": {"uv": [0, 0, 1, 2], "texture": "#2"},
				"west": {"uv": [6, 6, 7, 8], "texture": "#2"},
				"up": {"uv": [0, 0, 1, 1], "rotation": 90, "texture": "#2"},
				"down": {"uv": [0, 0, 1, 1], "rotation": 270, "texture": "#2"}
			}
		},
		{
			"from": [6, 30, 8],
			"to": [6.5, 31, 8.5],
			"rotation": {"angle": 0, "axis": "y", "origin": [10, 33, 12]},
			"faces": {
				"north": {"uv": [0, 0, 1, 2], "texture": "#2"},
				"east": {"uv": [0, 0, 1, 2], "texture": "#2"},
				"south": {"uv": [0, 0, 1, 2], "texture": "#2"},
				"west": {"uv": [0, 0, 1, 2], "texture": "#2"},
				"up": {"uv": [0, 0, 1, 1], "texture": "#2"},
				"down": {"uv": [0, 0, 1, 1], "texture": "#2"}
			}
		},
		{
			"from": [6, 28.5, 8],
			"to": [6.5, 30, 8.5],
			"rotation": {"angle": 0, "axis": "y", "origin": [10, 32, 12]},
			"faces": {
				"north": {"uv": [0, 0, 1, 3], "texture": "#1"},
				"east": {"uv": [0, 0, 1, 3], "texture": "#1"},
				"south": {"uv": [0, 0, 1, 3], "texture": "#1"},
				"west": {"uv": [0, 0, 1, 3], "texture": "#1"},
				"up": {"uv": [0, 0, 1, 1], "texture": "#1"},
				"down": {"uv": [0, 0, 1, 1], "texture": "#1"}
			}
		},
		{
			"from": [6.5, 27.5, 8],
			"to": [7, 29, 8.5],
			"rotation": {"angle": 0, "axis": "y", "origin": [10.5, 31, 12]},
			"faces": {
				"north": {"uv": [0, 0, 1, 3], "texture": "#1"},
				"east": {"uv": [0, 0, 1, 3], "texture": "#1"},
				"south": {"uv": [0, 0, 1, 3], "texture": "#1"},
				"west": {"uv": [0, 0, 1, 3], "texture": "#1"},
				"up": {"uv": [0, 0, 1, 1], "texture": "#1"},
				"down": {"uv": [0, 0, 1, 1], "texture": "#1"}
			}
		},
		{
			"from": [7, 28, 8],
			"to": [7.5, 28.5, 8.5],
			"rotation": {"angle": 0, "axis": "y", "origin": [11, 30.5, 12]},
			"faces": {
				"north": {"uv": [0, 0, 1, 1], "texture": "#1"},
				"east": {"uv": [0, 0, 1, 1], "texture": "#1"},
				"south": {"uv": [0, 0, 1, 1], "texture": "#1"},
				"west": {"uv": [0, 0, 1, 1], "texture": "#1"},
				"up": {"uv": [0, 0, 1, 1], "texture": "#1"},
				"down": {"uv": [0, 0, 1, 1], "texture": "#1"}
			}
		},
		{
			"from": [6.5, 31, 8],
			"to": [7, 32, 8.5],
			"rotation": {"angle": 0, "axis": "y", "origin": [10.5, 35, 12]},
			"faces": {
				"north": {"uv": [0, 0, 1, 2], "texture": "#2"},
				"east": {"uv": [0, 0, 1, 2], "texture": "#2"},
				"south": {"uv": [6, 6, 7, 8], "texture": "#2"},
				"west": {"uv": [0, 0, 1, 2], "texture": "#2"},
				"up": {"uv": [0, 0, 1, 1], "texture": "#2"},
				"down": {"uv": [0, 0, 1, 1], "texture": "#2"}
			}
		},
		{
			"from": [7.5, 29, 6.5],
			"to": [9, 30.5, 7],
			"rotation": {"angle": 0, "axis": "y", "origin": [11, 32.5, 10.5]},
			"faces": {
				"north": {"uv": [0, 0, 3, 3], "texture": "#0"},
				"east": {"uv": [0, 0, 1, 3], "texture": "#0"},
				"south": {"uv": [0, 0, 3, 3], "texture": "#0"},
				"west": {"uv": [0, 0, 1, 3], "texture": "#0"},
				"up": {"uv": [0, 0, 3, 1], "texture": "#0"},
				"down": {"uv": [0, 0, 3, 1], "texture": "#0"}
			}
		},
		{
			"from": [7.5, 29, 9.5],
			"to": [9, 30.5, 10],
			"rotation": {"angle": 0, "axis": "y", "origin": [11, 32.5, 13.5]},
			"faces": {
				"north": {"uv": [0, 0, 3, 3], "texture": "#0"},
				"east": {"uv": [0, 0, 1, 3], "texture": "#0"},
				"south": {"uv": [0, 0, 3, 3], "texture": "#0"},
				"west": {"uv": [0, 0, 1, 3], "texture": "#0"},
				"up": {"uv": [0, 0, 3, 1], "texture": "#0"},
				"down": {"uv": [0, 0, 3, 1], "texture": "#0"}
			}
		},
		{
			"from": [7.5, 31, 7.5],
			"to": [9, 31.5, 9],
			"rotation": {"angle": 0, "axis": "y", "origin": [12, 34.5, 12.5]},
			"faces": {
				"north": {"uv": [0, 0, 3, 1], "texture": "#0"},
				"east": {"uv": [0, 0, 3, 1], "texture": "#0"},
				"south": {"uv": [0, 0, 3, 1], "texture": "#0"},
				"west": {"uv": [0, 0, 3, 1], "texture": "#0"},
				"up": {"uv": [0, 0, 3, 3], "texture": "#0"},
				"down": {"uv": [0, 0, 3, 3], "texture": "#0"}
			}
		},
		{
			"from": [7.5, 28, 7.5],
			"to": [9, 28.5, 9],
			"rotation": {"angle": 0, "axis": "y", "origin": [11, 31.5, 13]},
			"faces": {
				"north": {"uv": [0, 0, 3, 1], "texture": "#1"},
				"east": {"uv": [0, 0, 3, 1], "texture": "#1"},
				"south": {"uv": [0, 0, 3, 1], "texture": "#1"},
				"west": {"uv": [0, 0, 3, 1], "texture": "#1"},
				"up": {"uv": [0, 0, 3, 3], "texture": "#1"},
				"down": {"uv": [0, 0, 2, 1], "texture": "#1"}
			}
		},
		{
			"from": [6.5, 29, 7.5],
			"to": [7, 30.5, 9],
			"rotation": {"angle": 0, "axis": "y", "origin": [10, 32, 13]},
			"faces": {
				"north": {"uv": [0, 0, 1, 3], "texture": "#0"},
				"east": {"uv": [0, 0, 3, 3], "texture": "#0"},
				"south": {"uv": [0, 0, 1, 3], "texture": "#0"},
				"west": {"uv": [0, 0, 3, 3], "texture": "#0"},
				"up": {"uv": [0, 0, 1, 3], "texture": "#0"},
				"down": {"uv": [0, 0, 1, 3], "texture": "#0"}
			}
		},
		{
			"from": [7, 29, 7],
			"to": [9.5, 31, 9.5],
			"rotation": {"angle": 0, "axis": "y", "origin": [10, 32.5, 12.5]},
			"faces": {
				"north": {"uv": [0, 0, 5, 4], "texture": "#0"},
				"east": {"uv": [0, 0, 5, 4], "texture": "#0"},
				"south": {"uv": [0, 0, 5, 4], "texture": "#0"},
				"west": {"uv": [0, 0, 5, 4], "texture": "#0"},
				"up": {"uv": [0, 0, 5, 5], "texture": "#0"},
				"down": {"uv": [0, 0, 5, 5], "texture": "#0"}
			}
		},
		{
			"from": [7, 28.5, 9],
			"to": [7.5, 29, 9.5],
			"rotation": {"angle": 0, "axis": "y", "origin": [10, 32, 12.5]},
			"faces": {
				"north": {"uv": [0, 0, 1, 1], "texture": "#0"},
				"east": {"uv": [0, 0, 1, 1], "texture": "#0"},
				"south": {"uv": [0, 0, 1, 1], "texture": "#0"},
				"west": {"uv": [0, 0, 1, 1], "texture": "#0"},
				"up": {"uv": [0, 0, 1, 1], "texture": "#0"},
				"down": {"uv": [0, 0, 1, 1], "texture": "#0"}
			}
		},
		{
			"from": [9, 28.5, 9],
			"to": [9.5, 29, 9.5],
			"rotation": {"angle": 0, "axis": "y", "origin": [12, 32, 12.5]},
			"faces": {
				"north": {"uv": [0, 0, 1, 1], "texture": "#0"},
				"east": {"uv": [0, 0, 1, 1], "texture": "#0"},
				"south": {"uv": [0, 0, 1, 1], "texture": "#0"},
				"west": {"uv": [0, 0, 1, 1], "texture": "#0"},
				"up": {"uv": [0, 0, 1, 1], "texture": "#0"},
				"down": {"uv": [0, 0, 1, 1], "texture": "#0"}
			}
		},
		{
			"from": [7, 28.5, 7],
			"to": [7.5, 29, 7.5],
			"rotation": {"angle": 0, "axis": "y", "origin": [10, 32, 10.5]},
			"faces": {
				"north": {"uv": [0, 0, 1, 1], "texture": "#0"},
				"east": {"uv": [0, 0, 1, 1], "texture": "#0"},
				"south": {"uv": [0, 0, 1, 1], "texture": "#0"},
				"west": {"uv": [0, 0, 1, 1], "texture": "#0"},
				"up": {"uv": [0, 0, 1, 1], "texture": "#0"},
				"down": {"uv": [0, 0, 1, 1], "texture": "#0"}
			}
		},
		{
			"from": [9, 28.5, 7],
			"to": [9.5, 29, 7.5],
			"rotation": {"angle": 0, "axis": "y", "origin": [12, 32, 10.5]},
			"faces": {
				"north": {"uv": [0, 0, 1, 1], "texture": "#0"},
				"east": {"uv": [0, 0, 1, 1], "texture": "#0"},
				"south": {"uv": [0, 0, 1, 1], "texture": "#0"},
				"west": {"uv": [0, 0, 1, 1], "texture": "#0"},
				"up": {"uv": [0, 0, 1, 1], "texture": "#0"},
				"down": {"uv": [0, 0, 1, 1], "texture": "#0"}
			}
		},
		{
			"from": [7.5, 28.5, 7],
			"to": [9, 29, 9.5],
			"rotation": {"angle": 0, "axis": "y", "origin": [10, 32, 12.5]},
			"faces": {
				"north": {"uv": [0, 0, 3, 1], "texture": "#1"},
				"east": {"uv": [0, 0, 5, 1], "texture": "#1"},
				"south": {"uv": [0, 0, 3, 1], "texture": "#1"},
				"west": {"uv": [0, 0, 5, 1], "texture": "#1"},
				"up": {"uv": [0, 0, 3, 1], "texture": "#1"},
				"down": {"uv": [0, 0, 3, 1], "texture": "#1"}
			}
		},
		{
			"from": [7, 28.5, 7.5],
			"to": [9.5, 29, 9],
			"rotation": {"angle": 0, "axis": "y", "origin": [8.25, 28.75, 8.25]},
			"faces": {
				"north": {"uv": [0, 0, 5, 1], "texture": "#1"},
				"east": {"uv": [0, 0, 3, 1], "texture": "#1"},
				"south": {"uv": [0, 0, 5, 1], "texture": "#1"},
				"west": {"uv": [0, 0, 3, 1], "texture": "#1"},
				"up": {"uv": [0, 0, 3, 1], "rotation": 90, "texture": "#1"},
				"down": {"uv": [0, 0, 3, 1], "rotation": 270, "texture": "#1"}
			}
		},
		{
			"from": [9.5, 29, 7.5],
			"to": [10, 30.5, 9],
			"rotation": {"angle": 0, "axis": "y", "origin": [13, 32, 13]},
			"faces": {
				"north": {"uv": [0, 0, 1, 3], "texture": "#0"},
				"east": {"uv": [0, 0, 3, 3], "texture": "#0"},
				"south": {"uv": [0, 0, 1, 3], "texture": "#0"},
				"west": {"uv": [0, 0, 3, 3], "texture": "#0"},
				"up": {"uv": [0, 0, 1, 3], "texture": "#0"},
				"down": {"uv": [0, 0, 1, 3], "texture": "#0"}
			}
		},
		{
			"from": [7.5, 27.5, 7.5],
			"to": [9, 28, 9],
			"rotation": {"angle": 0, "axis": "y", "origin": [11, 31, 13]},
			"faces": {
				"north": {"uv": [0, 0, 3, 1], "texture": "#2"},
				"east": {"uv": [0, 0, 3, 1], "texture": "#2"},
				"south": {"uv": [0, 0, 3, 1], "texture": "#2"},
				"west": {"uv": [0, 0, 3, 1], "texture": "#2"},
				"up": {"uv": [0, 0, 3, 3], "texture": "#2"},
				"down": {"uv": [0, 0, 2, 1], "texture": "#2"}
			}
		},
		{
			"from": [7.5, 25.9, 7.5],
			"to": [9, 26.9, 9],
			"rotation": {"angle": 0, "axis": "y", "origin": [11, 29.9, 13]},
			"faces": {
				"north": {"uv": [0, 0, 3, 1], "texture": "#0"},
				"east": {"uv": [0, 0, 3, 1], "texture": "#0"},
				"south": {"uv": [0, 0, 3, 1], "texture": "#0"},
				"west": {"uv": [0, 0, 3, 1], "texture": "#0"},
				"up": {"uv": [0, 0, 3, 3], "texture": "#0"},
				"down": {"uv": [0, 0, 2, 1], "texture": "#0"}
			}
		},
		{
			"from": [7.75, 25.4, 7.75],
			"to": [8.75, 25.9, 8.75],
			"rotation": {"angle": 0, "axis": "y", "origin": [11, 28.9, 13]},
			"faces": {
				"north": {"uv": [0, 0, 3, 1], "texture": "#0"},
				"east": {"uv": [0, 0, 3, 1], "texture": "#0"},
				"south": {"uv": [0, 0, 3, 1], "texture": "#0"},
				"west": {"uv": [0, 0, 3, 1], "texture": "#0"},
				"up": {"uv": [0, 0, 3, 3], "texture": "#0"},
				"down": {"uv": [0, 0, 2, 1], "texture": "#0"}
			}
		},
		{
			"from": [7.75, 25.15, 7.75],
			"to": [8.75, 25.4, 8.75],
			"rotation": {"angle": 0, "axis": "y", "origin": [11, 28.4, 13]},
			"faces": {
				"north": {"uv": [0, 0, 3, 1], "texture": "#1"},
				"east": {"uv": [0, 0, 3, 1], "texture": "#1"},
				"south": {"uv": [0, 0, 3, 1], "texture": "#1"},
				"west": {"uv": [0, 0, 3, 1], "texture": "#1"},
				"up": {"uv": [0, 0, 3, 1], "texture": "#1"},
				"down": {"uv": [0, 0, 2, 1], "texture": "#1"}
			}
		},
		{
			"from": [7.75, 27.2, 7.75],
			"to": [8.75, 27.5, 8.75],
			"rotation": {"angle": 0, "axis": "y", "origin": [11, 30.5, 13]},
			"faces": {
				"north": {"uv": [0, 0, 3, 1], "texture": "#2"},
				"east": {"uv": [0, 0, 3, 1], "texture": "#2"},
				"south": {"uv": [0, 0, 3, 1], "texture": "#2"},
				"west": {"uv": [0, 0, 3, 1], "texture": "#2"},
				"up": {"uv": [0, 0, 3, 3], "texture": "#2"},
				"down": {"uv": [0, 0, 2, 1], "texture": "#2"}
			}
		},
		{
			"from": [7.75, 26.9, 7.75],
			"to": [8.75, 27.2, 8.75],
			"rotation": {"angle": 0, "axis": "y", "origin": [11, 30.2, 13]},
			"faces": {
				"north": {"uv": [0, 0, 3, 1], "texture": "#1"},
				"east": {"uv": [0, 0, 3, 1], "texture": "#1"},
				"south": {"uv": [0, 0, 3, 1], "texture": "#1"},
				"west": {"uv": [0, 0, 3, 1], "texture": "#1"},
				"up": {"uv": [0, 0, 3, 3], "texture": "#1"},
				"down": {"uv": [0, 0, 2, 1], "texture": "#1"}
			}
		},
		{
			"name": "stick",
			"from": [8, 4, 8],
			"to": [8.5, 25.25, 8.5],
			"rotation": {"angle": 0, "axis": "y", "origin": [12, 28.5, 12]},
			"faces": {
				"north": {"uv": [0, 0, 1, 16], "texture": "#1"},
				"east": {"uv": [0, 0, 1, 16], "texture": "#1"},
				"south": {"uv": [0, 0, 1, 16], "texture": "#1"},
				"west": {"uv": [0, 0, 1, 16], "texture": "#1"},
				"up": {"uv": [0, 0, 1, 1], "texture": "#1"},
				"down": {"uv": [0, 0, 1, 1], "texture": "#1"}
			}
		},
		{
			"from": [8, 3.46724, 8.00431],
			"to": [8.5, 3.96724, 8.50431],
			"rotation": {"angle": 0, "axis": "y", "origin": [8.19828, 2.00862, 8.25216]},
			"faces": {
				"north": {"uv": [1, 2, 2, 3], "rotation": 180, "texture": "#3"},
				"east": {"uv": [1, 2, 2, 3], "rotation": 180, "texture": "#3"},
				"south": {"uv": [1, 2, 2, 3], "rotation": 180, "texture": "#3"},
				"west": {"uv": [1, 2, 2, 3], "rotation": 180, "texture": "#3"},
				"up": {"uv": [1, 2, 2, 3], "texture": "#3"},
				"down": {"uv": [1, 2, 2, 3], "texture": "#3"}
			}
		},
		{
			"from": [8, 2.46724, 9.00431],
			"to": [8.5, 2.96724, 9.50431],
			"rotation": {"angle": 0, "axis": "y", "origin": [8.19828, 2.00862, 8.25216]},
			"faces": {
				"north": {"uv": [1, 2, 2, 3], "rotation": 180, "texture": "#3"},
				"east": {"uv": [1, 2, 2, 3], "rotation": 180, "texture": "#3"},
				"south": {"uv": [1, 2, 2, 3], "rotation": 180, "texture": "#3"},
				"west": {"uv": [1, 2, 2, 3], "rotation": 180, "texture": "#3"},
				"up": {"uv": [1, 2, 2, 3], "texture": "#3"},
				"down": {"uv": [1, 2, 2, 3], "texture": "#3"}
			}
		},
		{
			"from": [8, 1.46724, 8.00431],
			"to": [8.5, 1.96724, 8.50431],
			"rotation": {"angle": 0, "axis": "y", "origin": [8.19828, 2.00862, 8.25216]},
			"faces": {
				"north": {"uv": [1, 2, 2, 3], "rotation": 180, "texture": "#3"},
				"east": {"uv": [1, 2, 2, 3], "rotation": 180, "texture": "#3"},
				"south": {"uv": [1, 2, 2, 3], "rotation": 180, "texture": "#3"},
				"west": {"uv": [1, 2, 2, 3], "rotation": 180, "texture": "#3"},
				"up": {"uv": [1, 2, 2, 3], "texture": "#3"},
				"down": {"uv": [1, 2, 2, 3], "texture": "#3"}
			}
		},
		{
			"from": [8, 2.46724, 7.00431],
			"to": [8.5, 2.96724, 7.50431],
			"rotation": {"angle": 0, "axis": "y", "origin": [8.19828, 2.00862, 8.25216]},
			"faces": {
				"north": {"uv": [1, 2, 2, 3], "rotation": 180, "texture": "#3"},
				"east": {"uv": [1, 2, 2, 3], "rotation": 180, "texture": "#3"},
				"south": {"uv": [1, 2, 2, 3], "rotation": 180, "texture": "#3"},
				"west": {"uv": [1, 2, 2, 3], "rotation": 180, "texture": "#3"},
				"up": {"uv": [1, 2, 2, 3], "texture": "#3"},
				"down": {"uv": [1, 2, 2, 3], "texture": "#3"}
			}
		},
		{
			"from": [7.5, 1.96724, 7.50431],
			"to": [9, 3.46724, 9.00431],
			"rotation": {"angle": 0, "axis": "y", "origin": [8.19828, 2.00862, 8.25216]},
			"faces": {
				"north": {"uv": [1, 2, 2, 3], "rotation": 180, "texture": "#3"},
				"east": {"uv": [1, 2, 2, 3], "rotation": 180, "texture": "#3"},
				"south": {"uv": [1, 2, 2, 3], "rotation": 180, "texture": "#3"},
				"west": {"uv": [1, 2, 2, 3], "rotation": 180, "texture": "#3"},
				"up": {"uv": [1, 2, 2, 3], "texture": "#3"},
				"down": {"uv": [1, 2, 2, 3], "texture": "#3"}
			}
		},
		{
			"from": [7, 2.46724, 8.00431],
			"to": [7.5, 2.96724, 8.50431],
			"rotation": {"angle": 0, "axis": "y", "origin": [8.19828, 2.00862, 8.25216]},
			"faces": {
				"north": {"uv": [1, 2, 2, 3], "rotation": 180, "texture": "#3"},
				"east": {"uv": [1, 2, 2, 3], "rotation": 180, "texture": "#3"},
				"south": {"uv": [1, 2, 2, 3], "rotation": 180, "texture": "#3"},
				"west": {"uv": [1, 2, 2, 3], "rotation": 180, "texture": "#3"},
				"up": {"uv": [1, 2, 2, 3], "texture": "#3"},
				"down": {"uv": [1, 2, 2, 3], "texture": "#3"}
			}
		},
		{
			"from": [9, 2.46724, 8.00431],
			"to": [9.5, 2.96724, 8.50431],
			"rotation": {"angle": 0, "axis": "y", "origin": [8.19828, 2.00862, 8.25216]},
			"faces": {
				"north": {"uv": [1, 2, 2, 3], "rotation": 180, "texture": "#3"},
				"east": {"uv": [1, 2, 2, 3], "rotation": 180, "texture": "#3"},
				"south": {"uv": [1, 2, 2, 3], "rotation": 180, "texture": "#3"},
				"west": {"uv": [1, 2, 2, 3], "rotation": 180, "texture": "#3"},
				"up": {"uv": [1, 2, 2, 3], "texture": "#3"},
				"down": {"uv": [1, 2, 2, 3], "texture": "#3"}
			}
		},
		{
			"from": [6, 0.96724, 8.00431],
			"to": [6.5, 3.41724, 8.50431],
			"rotation": {"angle": 0, "axis": "y", "origin": [8.19828, 2.00862, 8.25216]},
			"faces": {
				"north": {"uv": [0, 0, 1, 4.9], "rotation": 180, "texture": "#1"},
				"east": {"uv": [0, 0, 1, 4.9], "rotation": 180, "texture": "#1"},
				"south": {"uv": [0, 0, 1, 4.9], "rotation": 180, "texture": "#1"},
				"west": {"uv": [0, 0, 1, 4.9], "rotation": 180, "texture": "#1"},
				"up": {"uv": [0, 0, 1, 1], "texture": "#1"},
				"down": {"uv": [0, 0, 1, 1], "texture": "#1"}
			}
		},
		{
			"from": [10, 0.96724, 8.00431],
			"to": [10.5, 3.41724, 8.50431],
			"rotation": {"angle": 0, "axis": "y", "origin": [8.19828, 2.00862, 8.25216]},
			"faces": {
				"north": {"uv": [0, 0, 1, 4.9], "rotation": 180, "texture": "#1"},
				"east": {"uv": [0, 0, 1, 4.9], "rotation": 180, "texture": "#1"},
				"south": {"uv": [0, 0, 1, 4.9], "rotation": 180, "texture": "#1"},
				"west": {"uv": [0, 0, 1, 4.9], "rotation": 180, "texture": "#1"},
				"up": {"uv": [0, 0, 1, 1], "rotation": 180, "texture": "#1"},
				"down": {"uv": [0, 0, 1, 1], "rotation": 180, "texture": "#1"}
			}
		},
		{
			"from": [6.5, 0.46724, 8.00431],
			"to": [7, 0.96724, 8.50431],
			"rotation": {"angle": 0, "axis": "y", "origin": [8.19828, 1.50862, 8.25216]},
			"faces": {
				"north": {"uv": [0, 0, 1, 1], "rotation": 180, "texture": "#1"},
				"east": {"uv": [0, 0, 1, 1], "rotation": 180, "texture": "#1"},
				"south": {"uv": [0, 0, 1, 1], "rotation": 180, "texture": "#1"},
				"west": {"uv": [0, 0, 1, 1], "rotation": 180, "texture": "#1"},
				"up": {"uv": [0, 0, 1, 1], "texture": "#1"},
				"down": {"uv": [0, 0, 1, 1], "texture": "#1"}
			}
		},
		{
			"from": [9.5, 0.46724, 8.00431],
			"to": [10, 0.96724, 8.50431],
			"rotation": {"angle": 0, "axis": "y", "origin": [8.19828, 1.50862, 8.25216]},
			"faces": {
				"north": {"uv": [0, 0, 1, 1], "rotation": 180, "texture": "#1"},
				"east": {"uv": [0, 0, 1, 1], "rotation": 180, "texture": "#1"},
				"south": {"uv": [0, 0, 1, 1], "rotation": 180, "texture": "#1"},
				"west": {"uv": [0, 0, 1, 1], "rotation": 180, "texture": "#1"},
				"up": {"uv": [0, 0, 1, 1], "rotation": 180, "texture": "#1"},
				"down": {"uv": [0, 0, 1, 1], "rotation": 180, "texture": "#1"}
			}
		},
		{
			"from": [6.5, 3.41724, 8.00431],
			"to": [7, 3.91724, 8.50431],
			"rotation": {"angle": 0, "axis": "y", "origin": [8.19828, 1.95862, 8.25216]},
			"faces": {
				"north": {"uv": [0, 0, 1, 1], "rotation": 180, "texture": "#1"},
				"east": {"uv": [0, 0, 1, 1], "rotation": 180, "texture": "#1"},
				"south": {"uv": [0, 0, 1, 1], "rotation": 180, "texture": "#1"},
				"west": {"uv": [0, 0, 1, 1], "rotation": 180, "texture": "#1"},
				"up": {"uv": [0, 0, 1, 1], "texture": "#1"},
				"down": {"uv": [0, 0, 1, 1], "texture": "#1"}
			}
		},
		{
			"from": [9.5, 3.41724, 8.00431],
			"to": [10, 3.91724, 8.50431],
			"rotation": {"angle": 0, "axis": "y", "origin": [8.19828, 1.95862, 8.25216]},
			"faces": {
				"north": {"uv": [0, 0, 1, 1], "rotation": 180, "texture": "#1"},
				"east": {"uv": [0, 0, 1, 1], "rotation": 180, "texture": "#1"},
				"south": {"uv": [0, 0, 1, 1], "rotation": 180, "texture": "#1"},
				"west": {"uv": [0, 0, 1, 1], "rotation": 180, "texture": "#1"},
				"up": {"uv": [0, 0, 1, 1], "rotation": 180, "texture": "#1"},
				"down": {"uv": [0, 0, 1, 1], "rotation": 180, "texture": "#1"}
			}
		},
		{
			"from": [7, -0.03276, 8.00431],
			"to": [7.5, 0.46724, 8.50431],
			"rotation": {"angle": 0, "axis": "y", "origin": [8.19828, 1.50862, 8.25216]},
			"faces": {
				"north": {"uv": [0, 0, 1, 1], "rotation": 180, "texture": "#1"},
				"east": {"uv": [0, 0, 1, 1], "rotation": 180, "texture": "#1"},
				"south": {"uv": [0, 0, 1, 1], "rotation": 180, "texture": "#1"},
				"west": {"uv": [0, 0, 1, 1], "rotation": 180, "texture": "#1"},
				"up": {"uv": [0, 0, 1, 1], "texture": "#1"},
				"down": {"uv": [0, 0, 1, 1], "texture": "#1"}
			}
		},
		{
			"from": [9, -0.03276, 8.00431],
			"to": [9.5, 0.46724, 8.50431],
			"rotation": {"angle": 0, "axis": "y", "origin": [8.19828, 1.50862, 8.25216]},
			"faces": {
				"north": {"uv": [0, 0, 1, 1], "rotation": 180, "texture": "#1"},
				"east": {"uv": [0, 0, 1, 1], "rotation": 180, "texture": "#1"},
				"south": {"uv": [0, 0, 1, 1], "rotation": 180, "texture": "#1"},
				"west": {"uv": [0, 0, 1, 1], "rotation": 180, "texture": "#1"},
				"up": {"uv": [0, 0, 1, 1], "rotation": 180, "texture": "#1"},
				"down": {"uv": [0, 0, 1, 1], "rotation": 180, "texture": "#1"}
			}
		},
		{
			"from": [8.5, -0.03276, 8.00431],
			"to": [9, 0.46724, 8.50431],
			"rotation": {"angle": 0, "axis": "y", "origin": [8.19828, 2.00862, 8.25216]},
			"faces": {
				"north": {"uv": [0, 0, 1, 1], "rotation": 180, "texture": "#1"},
				"east": {"uv": [0, 0, 1, 1], "rotation": 180, "texture": "#1"},
				"south": {"uv": [0, 0, 1, 1], "rotation": 180, "texture": "#1"},
				"west": {"uv": [0, 0, 1, 1], "rotation": 180, "texture": "#1"},
				"up": {"uv": [0, 0, 1, 1], "texture": "#1"},
				"down": {"uv": [0, 0, 1, 1], "texture": "#1"}
			}
		},
		{
			"from": [7.5, -0.03276, 8.00431],
			"to": [8, 0.46724, 8.50431],
			"rotation": {"angle": 0, "axis": "y", "origin": [8.19828, 2.00862, 8.25216]},
			"faces": {
				"north": {"uv": [0, 0, 1, 1], "rotation": 180, "texture": "#1"},
				"east": {"uv": [0, 0, 1, 1], "rotation": 180, "texture": "#1"},
				"south": {"uv": [0, 0, 1, 1], "rotation": 180, "texture": "#1"},
				"west": {"uv": [0, 0, 1, 1], "rotation": 180, "texture": "#1"},
				"up": {"uv": [0, 0, 1, 1], "texture": "#1"},
				"down": {"uv": [0, 0, 1, 1], "texture": "#1"}
			}
		},
		{
			"from": [7, 3.91724, 8.00431],
			"to": [7.5, 4.41724, 8.50431],
			"rotation": {"angle": 0, "axis": "y", "origin": [8.19828, 2.00862, 8.25216]},
			"faces": {
				"north": {"uv": [0, 0, 1, 1], "rotation": 180, "texture": "#1"},
				"east": {"uv": [0, 0, 1, 1], "rotation": 180, "texture": "#1"},
				"south": {"uv": [0, 0, 1, 1], "rotation": 180, "texture": "#1"},
				"west": {"uv": [0, 0, 1, 1], "rotation": 180, "texture": "#1"},
				"up": {"uv": [0, 0, 1, 1], "texture": "#1"},
				"down": {"uv": [0, 0, 1, 1], "texture": "#1"}
			}
		},
		{
			"from": [9, 3.91724, 8.00431],
			"to": [9.5, 4.41724, 8.50431],
			"rotation": {"angle": 0, "axis": "y", "origin": [8.19828, 2.00862, 8.25216]},
			"faces": {
				"north": {"uv": [0, 0, 1, 1], "rotation": 180, "texture": "#1"},
				"east": {"uv": [0, 0, 1, 1], "rotation": 180, "texture": "#1"},
				"south": {"uv": [0, 0, 1, 1], "rotation": 180, "texture": "#1"},
				"west": {"uv": [0, 0, 1, 1], "rotation": 180, "texture": "#1"},
				"up": {"uv": [0, 0, 1, 1], "rotation": 180, "texture": "#1"},
				"down": {"uv": [0, 0, 1, 1], "rotation": 180, "texture": "#1"}
			}
		},
		{
			"from": [7.5, 3.46724, 7.50431],
			"to": [9, 4.41724, 9.00431],
			"rotation": {"angle": 0, "axis": "y", "origin": [8.19828, 2.00862, 8.25216]},
			"faces": {
				"north": {"uv": [0, 0, 3, 1.9], "rotation": 180, "texture": "#1"},
				"east": {"uv": [0, 0, 3, 1.9], "rotation": 180, "texture": "#1"},
				"south": {"uv": [0, 0, 3, 1.9], "rotation": 180, "texture": "#1"},
				"west": {"uv": [0, 0, 3, 1.9], "rotation": 180, "texture": "#1"},
				"up": {"uv": [0, 0, 3, 3], "rotation": 180, "texture": "#1"},
				"down": {"uv": [0, 0, 3, 3], "rotation": 180, "texture": "#1"}
			}
		},
		{
			"from": [7.75, 4.41724, 7.75431],
			"to": [8.75, 4.86724, 8.62931],
			"rotation": {"angle": 0, "axis": "y", "origin": [8.19828, 2.00862, 8.25216]},
			"faces": {
				"north": {"uv": [0, 0, 2, 0.9], "rotation": 180, "texture": "#1"},
				"east": {"uv": [0, 0, 1.75, 0.9], "rotation": 180, "texture": "#1"},
				"south": {"uv": [0, 0, 2, 0.9], "rotation": 180, "texture": "#1"},
				"west": {"uv": [0, 0, 1.75, 0.9], "rotation": 180, "texture": "#1"},
				"up": {"uv": [0, 0, 2, 1.75], "rotation": 180, "texture": "#1"},
				"down": {"uv": [0, 0, 2, 1.75], "rotation": 180, "texture": "#1"}
			}
		},
		{
			"from": [8, -1.33276, 8.00431],
			"to": [8.5, 0.91724, 8.50431],
			"rotation": {"angle": 0, "axis": "y", "origin": [8.19828, 1.95862, 8.25216]},
			"faces": {
				"north": {"uv": [0, 0, 1, 4.5], "rotation": 180, "texture": "#2"},
				"east": {"uv": [0, 0, 1, 4.5], "rotation": 180, "texture": "#2"},
				"south": {"uv": [0, 0, 1, 4.5], "rotation": 180, "texture": "#2"},
				"west": {"uv": [0, 0, 1, 4.5], "rotation": 180, "texture": "#2"},
				"up": {"uv": [0, 0, 1, 1], "texture": "#2"},
				"down": {"uv": [0, 0, 1, 1], "texture": "#2"}
			}
		},
		{
			"from": [6.5, -0.03276, 8.00431],
			"to": [7, 0.46724, 8.50431],
			"rotation": {"angle": 0, "axis": "y", "origin": [8.19828, 1.50862, 8.25216]},
			"faces": {
				"north": {"uv": [0, 0, 1, 1], "rotation": 180, "texture": "#2"},
				"east": {"uv": [0, 0, 1, 1], "rotation": 180, "texture": "#2"},
				"south": {"uv": [0, 0, 1, 1], "rotation": 180, "texture": "#2"},
				"west": {"uv": [0, 0, 1, 1], "rotation": 180, "texture": "#2"},
				"up": {"uv": [0, 0, 1, 1], "texture": "#2"},
				"down": {"uv": [0, 0, 1, 1], "texture": "#2"}
			}
		},
		{
			"from": [6, -0.53276, 8.00431],
			"to": [6.5, -0.03276, 8.50431],
			"rotation": {"angle": 0, "axis": "y", "origin": [8.19828, 1.50862, 8.25216]},
			"faces": {
				"north": {"uv": [0, 0, 1, 1], "rotation": 180, "texture": "#2"},
				"east": {"uv": [0, 0, 1, 1], "rotation": 180, "texture": "#2"},
				"south": {"uv": [0, 0, 1, 1], "rotation": 180, "texture": "#2"},
				"west": {"uv": [0, 0, 1, 1], "rotation": 180, "texture": "#2"},
				"up": {"uv": [0, 0, 1, 1], "texture": "#2"},
				"down": {"uv": [0, 0, 1, 1], "texture": "#2"}
			}
		},
		{
			"from": [9, 0.46724, 8.00431],
			"to": [9.5, 0.96724, 8.50431],
			"rotation": {"angle": 0, "axis": "y", "origin": [8.19828, 1.50862, 8.25216]},
			"faces": {
				"north": {"uv": [0, 0, 1, 1], "rotation": 180, "texture": "#2"},
				"east": {"uv": [0, 0, 1, 1], "rotation": 180, "texture": "#2"},
				"south": {"uv": [0, 0, 1, 1], "rotation": 180, "texture": "#2"},
				"west": {"uv": [0, 0, 1, 1], "rotation": 180, "texture": "#2"},
				"up": {"uv": [0, 0, 1, 1], "texture": "#2"},
				"down": {"uv": [0, 0, 1, 1], "texture": "#2"}
			}
		},
		{
			"from": [9.5, -0.03276, 8.00431],
			"to": [10, 0.46724, 8.50431],
			"rotation": {"angle": 0, "axis": "y", "origin": [8.19828, 1.50862, 8.25216]},
			"faces": {
				"north": {"uv": [0, 0, 1, 1], "rotation": 180, "texture": "#2"},
				"east": {"uv": [0, 0, 1, 1], "rotation": 180, "texture": "#2"},
				"south": {"uv": [0, 0, 1, 1], "rotation": 180, "texture": "#2"},
				"west": {"uv": [0, 0, 1, 1], "rotation": 180, "texture": "#2"},
				"up": {"uv": [0, 0, 1, 1], "texture": "#2"},
				"down": {"uv": [0, 0, 1, 1], "texture": "#2"}
			}
		},
		{
			"from": [10, -0.53276, 8.00431],
			"to": [10.5, -0.03276, 8.50431],
			"rotation": {"angle": 0, "axis": "y", "origin": [8.19828, 1.50862, 8.25216]},
			"faces": {
				"north": {"uv": [0, 0, 1, 1], "rotation": 180, "texture": "#2"},
				"east": {"uv": [0, 0, 1, 1], "rotation": 180, "texture": "#2"},
				"south": {"uv": [0, 0, 1, 1], "rotation": 180, "texture": "#2"},
				"west": {"uv": [0, 0, 1, 1], "rotation": 180, "texture": "#2"},
				"up": {"uv": [0, 0, 1, 1], "texture": "#2"},
				"down": {"uv": [0, 0, 1, 1], "texture": "#2"}
			}
		},
		{
			"from": [7, 0.46724, 8.00431],
			"to": [7.5, 0.96724, 8.50431],
			"rotation": {"angle": 0, "axis": "y", "origin": [8.19828, 1.50862, 8.25216]},
			"faces": {
				"north": {"uv": [0, 0, 1, 1], "rotation": 180, "texture": "#2"},
				"east": {"uv": [0, 0, 1, 1], "rotation": 180, "texture": "#2"},
				"south": {"uv": [0, 0, 1, 1], "rotation": 180, "texture": "#2"},
				"west": {"uv": [0, 0, 1, 1], "rotation": 180, "texture": "#2"},
				"up": {"uv": [0, 0, 1, 1], "texture": "#2"},
				"down": {"uv": [0, 0, 1, 1], "texture": "#2"}
			}
		}
	],
	"display": {
		"thirdperson_righthand": {
			"rotation": [54, 0, 50],
			"translation": [0.25, -0.5, 0.5],
			"scale": [0.8, 0.8, 0.8]
		},
		"thirdperson_lefthand": {
			"rotation": [0, 90, 0],
			"translation": [0, -7.75, -0.75]
		},
		"firstperson_righthand": {
			"rotation": [8.25, 0, 9.25],
			"translation": [0, 0, 0.5],
			"scale": [0.5, 0.5, 0.5]
		},
		"firstperson_lefthand": {
			"rotation": [0, 1, 0],
			"translation": [0, -0.75, 0]
		},
		"gui": {
			"rotation": [0, 0, 45],
			"translation": [2.5, -2.75, 0],
			"scale": [0.5, 0.5, 0.5]
		},
		"head": {
			"rotation": [0, 0, 90],
			"translation": [7.75, 6.25, 0]
		},
		"fixed": {
			"rotation": [0, 0, -45],
			"translation": [-4.25, -4.25, -1],
			"scale": [0.7, 0.7, 0.7]
		}
	},
	"groups": [
		{
			"name": "group",
			"origin": [8, 8, 8],
			"children": [
				{
					"name": "purple",
					"origin": [8, 8, 8],
					"children": [
						{
							"name": "group",
							"origin": [8, 8, 8],
							"children": [0, 1, 2, 3, 4]
						},
						{
							"name": "group",
							"origin": [8, 8, 8],
							"children": [5, 6, 7, 8, 9]
						},
						{
							"name": "group",
							"origin": [8, 8, 8],
							"children": [10, 11, 12, 13, 14]
						},
						{
							"name": "group",
							"origin": [8, 8, 8],
							"children": [15, 16, 17, 18, 19]
						},
						{
							"name": "sphere",
							"origin": [8, 8, 8],
							"children": [20, 21, 22, 23, 24, 25, 26, 27, 28, 29, 30, 31, 32]
						}, 33, 34, 35, 36, 37, 38]
				}, 39,
				{
					"name": "blue",
					"origin": [8, 8, 8],
					"children": [
						{
							"name": "sphere",
							"origin": [8, 8, 8],
							"children": [40, 41, 42, 43, 44, 45, 46]
						},
						{
							"name": "group",
							"origin": [8, 8, 8],
							"children": [47, 48, 49, 50, 51, 52, 53, 54, 55, 56, 57, 58, 59, 60,
								{
									"name": "group",
									"origin": [10, 26, 9],
									"children": [61, 62, 63, 64, 65, 66, 67]
								}
							]
						}
					]
				}
			]
		}
	]
}