{
	"parent": "item/handheld",
	"textures": {
		"layer0": "item/diamond_hoe"
	},
	"overrides": [
		{ "predicate": {"custom_model_data":1001}, "model": "item/assault/ak47"},
		{ "predicate": {"custom_model_data":1002}, "model": "item/assault/an94"},
		{ "predicate": {"custom_model_data":1003}, "model": "item/assault/aug"},
		{ "predicate": {"custom_model_data":1004}, "model": "item/shotgun/benelim4"},
		{ "predicate": {"custom_model_data":1005}, "model": "item/sub/deagle"},
		{ "predicate": {"custom_model_data":1006}, "model": "item/assault/famas"},
		{ "predicate": {"custom_model_data":1007}, "model": "item/assault/g36"},
		{ "predicate": {"custom_model_data":1008}, "model": "item/sub/glock17"},
		{ "predicate": {"custom_model_data":1009}, "model": "item/sniper/l96"},
		{ "predicate": {"custom_model_data":1010}, "model": "item/sniper/m1a"},
		{ "predicate": {"custom_model_data":1011}, "model": "item/assault/m4a1"},
		{ "predicate": {"custom_model_data":1012}, "model": "item/sniper/m24"},
		{ "predicate": {"custom_model_data":1013}, "model": "item/sub/m37"},
		{ "predicate": {"custom_model_data":1014}, "model": "item/sniper/m82"},
		{ "predicate": {"custom_model_data":1015}, "model": "item/shotgun/m500"},
		{ "predicate": {"custom_model_data":1016}, "model": "item/shotgun/m870"},
		{ "predicate": {"custom_model_data":1017}, "model": "item/sniper/m1500"},
		{ "predicate": {"custom_model_data":1018}, "model": "item/shotgun/m1887"},
		{ "predicate": {"custom_model_data":1019}, "model": "item/sub/m1911"},
		{ "predicate": {"custom_model_data":1020}, "model": "item/smg/mac10"},
		{ "predicate": {"custom_model_data":1021}, "model": "item/smg/mp5"},
		{ "predicate": {"custom_model_data":1022}, "model": "item/smg/mp7"},
		{ "predicate": {"custom_model_data":1023}, "model": "item/smg/mp40"},
		{ "predicate": {"custom_model_data":1024}, "model": "item/shotgun/nova"},
		{ "predicate": {"custom_model_data":1025}, "model": "item/smg/p90"},
		{ "predicate": {"custom_model_data":1026}, "model": "item/sub/pt92"},
		{ "predicate": {"custom_model_data":1027}, "model": "item/sub/saa"},
		{ "predicate": {"custom_model_data":1028}, "model": "item/shotgun/saiga12"},
		{ "predicate": {"custom_model_data":1029}, "model": "item/sniper/scout"},
		{ "predicate": {"custom_model_data":1030}, "model": "item/shotgun/spas12"},
		{ "predicate": {"custom_model_data":1031}, "model": "item/melee/survivalknife"},
		{ "predicate": {"custom_model_data":1032}, "model": "item/sniper/svd"},
		{ "predicate": {"custom_model_data":1033}, "model": "item/assault/tavor7"},
		{ "predicate": {"custom_model_data":1034}, "model": "item/smg/ump"},
		{ "predicate": {"custom_model_data":1035}, "model": "item/sub/usp"},
		{ "predicate": {"custom_model_data":1036}, "model": "item/smg/uzi"},
		{ "predicate": {"custom_model_data":1037}, "model": "item/melee/karambit"},
		{ "predicate": {"custom_model_data":1038}, "model": "item/melee/tomahawk"}
	]
}