{
    "count.siren": {
        "category": "master",
        "sounds": [
            {
                "name": "count/siren",
                "stream": false
            }
        ]
    },
    "count.sinzou": {
        "category": "master",
        "sounds": [
            {
                "name": "count/sinzou",
                "stream": false
            }
        ]
    },
    "count.1": {
        "category": "master",
        "sounds": [
            {
                "name": "count/1",
                "stream": false
            }
        ]
    },
    "count.2": {
        "category": "master",
        "sounds": [
            {
                "name": "count/2",
                "stream": false
            }
        ]
    },
    "count.3": {
        "category": "master",
        "sounds": [
            {
                "name": "count/3",
                "stream": false
            }
        ]
    },
    "count.4": {
        "category": "master",
        "sounds": [
            {
                "name": "count/4",
                "stream": false
            }
        ]
    },
    "count.5": {
        "category": "master",
        "sounds": [
            {
                "name": "count/5",
                "stream": false
            }
        ]
    },
    "count.hwin": {
        "category": "master",
        "sounds": [
            {
                "name": "count/hwin",
                "stream": false
            }
        ]
    },
    "count.zwin": {
        "category": "master",
        "sounds": [
            {
                "name": "count/zwin",
                "stream": false
            }
        ]
    },
    "count.warning": {
        "category": "master",
        "sounds": [
            {
                "name": "count/warning",
                "stream": false
            }
        ]
    },
    "an94": {
        "category": "master",
        "sounds": [
            {
                "name": "gunshot/an94",
                "stream": false
            }
        ]
    },
    "draw": {
        "category": "master",
        "sounds": [
            {
                "name": "gunother/gundraw",
                "stream": false
            }
        ]
    },
    "ra": {
        "category": "master",
        "sounds": [
            {
                "name": "gunother/magout",
                "stream": false
            }
        ]
    },
    "rb": {
        "category": "master",
        "sounds": [
            {
                "name": "gunother/magin",
                "stream": false
            }
        ]
    },
    "rc": {
        "category": "master",
        "sounds": [
            {
                "name": "gunother/boltback",
                "stream": false
            }
        ]
    },
    "rd": {
        "category": "master",
        "sounds": [
            {
                "name": "gunother/boltfoward",
                "stream": false
            }
        ]
    },
    "g36": {
        "category": "master",
        "sounds": [
            {
                "name": "gunshot/g36",
                "stream": false
            }
        ]
    },
    "l85": {
        "category": "master",
        "sounds": [
            {
                "name": "gunshot/l85",
                "stream": false
            }
        ]
    },
    "re": {
        "category": "master",
        "sounds": [
            {
                "name": "gunother/galil_boltpull",
                "stream": false
            }
        ]
    },
    "rf": {
        "category": "master",
        "sounds": [
            {
                "name": "gunother/rf",
                "stream": false
            }
        ]
    },
    "galil": {
        "category": "master",
        "sounds": [
            {
                "name": "gunshot/galil",
                "stream": false
            }
        ]
    },
    "famas": {
        "category": "master",
        "sounds": [
            {
                "name": "gunshot/famas",
                "stream": false
            }
        ]
    },
    "hk417": {
        "category": "master",
        "sounds": [
            {
                "name": "gunshot/hk417",
                "stream": false
            }
        ]
    },
    "xm8": {
        "category": "master",
        "sounds": [
            {
                "name": "gunshot/xm8",
                "stream": false
            }
        ]
    },
    "m14": {
        "category": "master",
        "sounds": [
            {
                "name": "gunshot/m14",
                "stream": false
            }
        ]
    },
    "aug": {
        "category": "master",
        "sounds": [
            {
                "name": "gunshot/aug",
                "stream": false
            }
        ]
    },
    "f2000": {
        "category": "master",
        "sounds": [
            {
                "name": "gunshot/f2000",
                "stream": false
            }
        ]
    },
    "sg552": {
        "category": "master",
        "sounds": [
            {
                "name": "gunshot/sg552",
                "stream": false
            }
        ]
    },
    "m4a1": {
        "category": "master",
        "sounds": [
            {
                "name": "gunshot/m4a1",
                "stream": false
            }
        ]
    },
    "ak47": {
        "category": "master",
        "sounds": [
            {
                "name": "gunshot/ak47",
                "stream": false
            }
        ]
    },
    "scarl": {
        "category": "master",
        "sounds": [
            {
                "name": "gunshot/scar-l",
                "stream": false
            }
        ]
    },
    "sgd": {
        "category": "master",
        "sounds": [
            {
                "name": "gunother/sgdraw",
                "stream": false
            }
        ]
    },
    "sgr": {
        "category": "master",
        "sounds": [
            {
                "name": "gunother/inshell",
                "stream": false
            }
        ]
    },
    "sga": {
        "category": "master",
        "sounds": [
            {
                "name": "gunshot/sga",
                "stream": false
            }
        ]
    },
    "sgb": {
        "category": "master",
        "sounds": [
            {
                "name": "gunshot/sgb",
                "stream": false
            }
        ]
    },
    "sgc": {
        "category": "master",
        "sounds": [
            {
                "name": "gunshot/sgc",
                "stream": false
            }
        ]
    },
    "msga": {
        "category": "master",
        "sounds": [
            {
                "name": "gunshot/msga",
                "stream": false
            }
        ]
    },
    "msgb": {
        "category": "master",
        "sounds": [
            {
                "name": "gunshot/msgb",
                "stream": false
            }
        ]
    },
    "msgc": {
        "category": "master",
        "sounds": [
            {
                "name": "gunshot/msgc",
                "stream": false
            }
        ]
    },
    "msgd": {
        "category": "master",
        "sounds": [
            {
                "name": "gunshot/msgd",
                "stream": false
            }
        ]
    },
    "msge": {
        "category": "master",
        "sounds": [
            {
                "name": "gunshot/msge",
                "stream": false
            }
        ]
    },
    "beneli": {
        "category": "master",
        "sounds": [
            {
                "name": "gunshot/beneli",
                "stream": false
            }
        ]
    },
    "hgd": {
        "category": "master",
        "sounds": [
            {
                "name": "gunother/hgd",
                "stream": false
            }
        ]
    },
    "hgr": {
        "category": "master",
        "sounds": [
            {
                "name": "gunother/hgr",
                "stream": false
            }
        ]
    },
    "hgre": {
        "category": "master",
        "sounds": [
            {
                "name": "gunother/hgre",
                "stream": false
            }
        ]
    },
    "glock": {
        "category": "master",
        "sounds": [
            {
                "name": "gunshot/glock",
                "stream": false
            }
        ]
    },
    "usp": {
        "category": "master",
        "sounds": [
            {
                "name": "gunshot/usp",
                "stream": false
            }
        ]
    },
    "usp1": {
        "category": "master",
        "sounds": [
            {
                "name": "gunshot/usp1",
                "stream": false
            }
        ]
    },
    "socom": {
        "category": "master",
        "sounds": [
            {
                "name": "gunshot/socom",
                "stream": false
            }
        ]
    },
    "pistola": {
        "category": "master",
        "sounds": [
            {
                "name": "gunshot/pistola",
                "stream": false
            }
        ]
    },
    "p2000": {
        "category": "master",
        "sounds": [
            {
                "name": "gunshot/p2000",
                "stream": false
            }
        ]
    },
    "muga": {
        "category": "master",
        "sounds": [
            {
                "name": "gunshot/muga",
                "stream": false
            }
        ]
    },
    "m1911": {
        "category": "master",
        "sounds": [
            {
                "name": "gunshot/m1911",
                "stream": false
            }
        ]
    },
    "m92fs": {
        "category": "master",
        "sounds": [
            {
                "name": "gunshot/m92fs",
                "stream": false
            }
        ]
    },
    "lugar": {
        "category": "master",
        "sounds": [
            {
                "name": "gunshot/lugar",
                "stream": false
            }
        ]
    },
    "g2": {
        "category": "master",
        "sounds": [
            {
                "name": "gunshot/g2",
                "stream": false
            }
        ]
    },
    "fn57": {
        "category": "master",
        "sounds": [
            {
                "name": "gunshot/fn57",
                "stream": false
            }
        ]
    },
    "de": {
        "category": "master",
        "sounds": [
            {
                "name": "gunshot/de",
                "stream": false
            }
        ]
    },
    "dw": {
        "category": "master",
        "sounds": [
            {
                "name": "gunshot/dw",
                "stream": false
            }
        ]
    },
    "aks": {
        "category": "master",
        "sounds": [
            {
                "name": "gunshot/aks",
                "stream": false
            }
        ]
    },
    "k1": {
        "category": "master",
        "sounds": [
            {
                "name": "gunshot/k1",
                "stream": false
            }
        ]
    },
    "mac10": {
        "category": "master",
        "sounds": [
            {
                "name": "gunshot/mac10",
                "stream": false
            }
        ]
    },
    "mp5": {
        "category": "master",
        "sounds": [
            {
                "name": "gunshot/mp5",
                "stream": false
            }
        ]
    },
    "mp7": {
        "category": "master",
        "sounds": [
            {
                "name": "gunshot/mp7",
                "stream": false
            }
        ]
    },
    "p90": {
        "category": "master",
        "sounds": [
            {
                "name": "gunshot/p90",
                "stream": false
            }
        ]
    },
    "pp2000": {
        "category": "master",
        "sounds": [
            {
                "name": "gunshot/pp2000",
                "stream": false
            }
        ]
    },
    "smgsig": {
        "category": "master",
        "sounds": [
            {
                "name": "gunshot/smgsig",
                "stream": false
            }
        ]
    },
    "smg1": {
        "category": "master",
        "sounds": [
            {
                "name": "gunshot/smg1",
                "stream": false
            }
        ]
    },
    "thompson": {
        "category": "master",
        "sounds": [
            {
                "name": "gunshot/thompson",
                "stream": false
            }
        ]
    },
    "type95": {
        "category": "master",
        "sounds": [
            {
                "name": "gunshot/type95",
                "stream": false
            }
        ]
    },
    "type89": {
        "category": "master",
        "sounds": [
            {
                "name": "gunshot/type89",
                "stream": false
            }
        ]
    },
    "type64": {
        "category": "master",
        "sounds": [
            {
                "name": "gunshot/type64",
                "stream": false
            }
        ]
    },
    "ump": {
        "category": "master",
        "sounds": [
            {
                "name": "gunshot/ump",
                "stream": false
            }
        ]
    },
    "usc": {
        "category": "master",
        "sounds": [
            {
                "name": "gunshot/usc",
                "stream": false
            }
        ]
    },
    "uzi": {
        "category": "master",
        "sounds": [
            {
                "name": "gunshot/uzi",
                "stream": false
            }
        ]
    },
    "vector": {
        "category": "master",
        "sounds": [
            {
                "name": "gunshot/vector",
                "stream": false
            }
        ]
    },
    "bizon": {
        "category": "master",
        "sounds": [
            {
                "name": "gunshot/bizon",
                "stream": false
            }
        ]
    },
    "asval": {
        "category": "master",
        "sounds": [
            {
                "name": "gunshot/asval",
                "stream": false
            }
        ]
    },
    "smgd": {
        "category": "master",
        "sounds": [
            {
                "name": "gunother/smgd",
                "stream": false
            }
        ]
    },
    "smgr": {
        "category": "master",
        "sounds": [
            {
                "name": "gunother/smgr",
                "stream": false
            }
        ]
    },
    "smgre": {
        "category": "master",
        "sounds": [
            {
                "name": "gunother/smgre",
                "stream": false
            }
        ]
    },
    "scout": {
        "category": "master",
        "sounds": [
            {
                "name": "gunshot/scout",
                "stream": false
            }
        ]
    },
    "sv98": {
        "category": "master",
        "sounds": [
            {
                "name": "gunshot/sv98",
                "stream": false
            }
        ]
    },
    "m110": {
        "category": "master",
        "sounds": [
            {
                "name": "gunshot/m110",
                "stream": false
            }
        ]
    },
    "psg": {
        "category": "master",
        "sounds": [
            {
                "name": "gunshot/psg",
                "stream": false
            }
        ]
    },
    "frf2": {
        "category": "master",
        "sounds": [
            {
                "name": "gunshot/frf2",
                "stream": false
            }
        ]
    },
    "g3sg1": {
        "category": "master",
        "sounds": [
            {
                "name": "gunshot/g3sg1",
                "stream": false
            }
        ]
    },
    "lmtmws": {
        "category": "master",
        "sounds": [
            {
                "name": "gunshot/lmtmws",
                "stream": false
            }
        ]
    },
    "mosin": {
        "category": "master",
        "sounds": [
            {
                "name": "gunshot/mosin",
                "stream": false
            }
        ]
    },
    "sr1": {
        "category": "master",
        "sounds": [
            {
                "name": "gunshot/sr1",
                "stream": false
            }
        ]
    },
    "scar20": {
        "category": "master",
        "sounds": [
            {
                "name": "gunshot/scar-20",
                "stream": false
            }
        ]
    },
    "svd": {
        "category": "master",
        "sounds": [
            {
                "name": "gunshot/svd",
                "stream": false
            }
        ]
    },
    "vss": {
        "category": "master",
        "sounds": [
            {
                "name": "gunshot/vss",
                "stream": false
            }
        ]
    },
    "vsr": {
        "category": "master",
        "sounds": [
            {
                "name": "gunshot/vsr",
                "stream": false
            }
        ]
    },
    "afso": {
        "category": "master",
        "sounds": [
            {
                "name": "gunshot/afso",
                "stream": false
            }
        ]
    },
    "srd": {
        "category": "master",
        "sounds": [
            {
                "name": "gunother/srd",
                "stream": false
            }
        ]
    },
    "srr": {
        "category": "master",
        "sounds": [
            {
                "name": "gunother/srr",
                "stream": false
            }
        ]
    },
    "r4": {
        "category": "master",
        "sounds": [
            {
                "name": "gunshot/r4",
                "stream": false
            }
        ]
    },
    "ckn": {
        "category": "master",
        "sounds": [
            {
                "name": "gunother/ckn",
                "stream": false
            }
        ]
    },
    "cz805": {
        "category": "master",
        "sounds": [
            {
                "name": "gunshot/cz805",
                "stream": false
            }
        ]
    },
    "dsr": {
        "category": "master",
        "sounds": [
            {
                "name": "gunshot/dsr",
                "stream": false
            }
        ]
    },
    "fal": {
        "category": "master",
        "sounds": [
            {
                "name": "gunshot/fal",
                "stream": false
            }
        ]
    },
    "fmg": {
        "category": "master",
        "sounds": [
            {
                "name": "gunshot/fmg",
                "stream": false
            }
        ]
    },
    "g18c": {
        "category": "master",
        "sounds": [
            {
                "name": "gunshot/glock18c",
                "stream": false
            }
        ]
    },
    "honeyb": {
        "category": "master",
        "sounds": [
            {
                "name": "gunshot/honeyb",
                "stream": false
            }
        ]
    },
    "infinity": {
        "category": "master",
        "sounds": [
            {
                "name": "gunshot/infinity",
                "stream": false
            }
        ]
    },
    "kar98k": {
        "category": "master",
        "sounds": [
            {
                "name": "gunshot/kar98k",
                "stream": false
            }
        ]
    },
    "m249": {
        "category": "master",
        "sounds": [
            {
                "name": "gunshot/m249",
                "stream": false
            }
        ]
    },
    "m1917": {
        "category": "master",
        "sounds": [
            {
                "name": "gunshot/m1917",
                "stream": false
            }
        ]
    },
    "p250": {
        "category": "master",
        "sounds": [
            {
                "name": "gunshot/p250",
                "stream": false
            }
        ]
    },
    "rsaf": {
        "category": "master",
        "sounds": [
            {
                "name": "gunshot/rsaf",
                "stream": false
            }
        ]
    },
    "sako": {
        "category": "master",
        "sounds": [
            {
                "name": "gunshot/sako",
                "stream": false
            }
        ]
    },
    "spas15": {
        "category": "master",
        "sounds": [
            {
                "name": "gunshot/spas15",
                "stream": false
            }
        ]
    },
    "tmp": {
        "category": "master",
        "sounds": [
            {
                "name": "gunshot/tmp",
                "stream": false
            }
        ]
    },
    "wa2000": {
        "category": "master",
        "sounds": [
            {
                "name": "gunshot/wa2000",
                "stream": false
            }
        ]
    },
    "crb": {
        "category": "master",
        "sounds": [
            {
                "name": "gunshot/vectorb",
                "stream": false
            }
        ]
    },
    "g3": {
        "category": "master",
        "sounds": [
            {
                "name": "gunshot/g3",
                "stream": false
            }
        ]
    },
    "czauto": {
        "category": "master",
        "sounds": [
            {
                "name": "gunshot/czauto",
                "stream": false
            }
        ]
    },
    "ps90": {
        "category": "master",
        "sounds": [
            {
                "name": "gunshot/ps90",
                "stream": false
            }
        ]
    },
    "birds": {
        "category": "master",
        "sounds": [
            {
                "name": "lobby/birds",
                "stream": false
            }
        ]
    },
    "higurashi": {
        "category": "master",
        "sounds": [
            {
                "name": "lobby/higurashi",
                "stream": false
            }
        ]
    },
    "kijibato": {
        "category": "master",
        "sounds": [
            {
                "name": "lobby/kijibato",
                "stream": false
            }
        ]
    },
    "matsumushi": {
        "category": "master",
        "sounds": [
            {
                "name": "lobby/matsumushi",
                "stream": false
            }
        ]
    },
    "rifle": {
        "category": "master",
        "sounds": [
            {
                "name": "lobby/rifle",
                "stream": false
            }
        ]
    },
    "river": {
        "category": "master",
        "sounds": [
            {
                "name": "lobby/river",
                "stream": false
            }
        ]
    },
    "school": {
        "category": "master",
        "sounds": [
            {
                "name": "lobby/school",
                "stream": false
            }
        ]
    },
    "sea": {
        "category": "master",
        "sounds": [
            {
                "name": "lobby/sea",
                "stream": false
            }
        ]
    },
    "suzumushi": {
        "category": "master",
        "sounds": [
            {
                "name": "lobby/suzumushi",
                "stream": false
            }
        ]
    },
    "train": {
        "category": "master",
        "sounds": [
            {
                "name": "lobby/train",
                "stream": false
            }
        ]
    },
    "widesiren": {
        "category": "master",
        "sounds": [
            {
                "name": "lobby/widesiren",
                "stream": false
            }
        ]
    },
    "uo": {
        "category": "master",
        "sounds": [
            {
                "name": "count/classic_hurt",
                "stream": false
            }
        ]
    },
    "timberwolf": {
        "category": "master",
        "sounds": [
            {
                "name": "gunshot/timberwolf",
                "stream": false
            }
        ]
    }
}