{
    "count.siren": {
        "category": "record",
        "sounds": [
            {
                "name": "count/siren",
                "stream": false
            }
        ]
    },
    "count.sinzou": {
        "category": "record",
        "sounds": [
            {
                "name": "count/sinzou",
                "stream": false
            }
        ]
    },
    "count.1": {
        "category": "record",
        "sounds": [
            {
                "name": "count/1",
                "stream": false
            }
        ]
    },
    "count.2": {
        "category": "record",
        "sounds": [
            {
                "name": "count/2",
                "stream": false
            }
        ]
    },
    "count.3": {
        "category": "record",
        "sounds": [
            {
                "name": "count/3",
                "stream": false
            }
        ]
    },
    "count.4": {
        "category": "record",
        "sounds": [
            {
                "name": "count/4",
                "stream": false
            }
        ]
    },
    "count.5": {
        "category": "record",
        "sounds": [
            {
                "name": "count/5",
                "stream": false
            }
        ]
    },
    "count.hwin": {
        "category": "record",
        "sounds": [
            {
                "name": "count/hwin",
                "stream": false
            }
        ]
    },
    "count.zwin": {
        "category": "record",
        "sounds": [
            {
                "name": "count/zwin",
                "stream": false
            }
        ]
    },
    "count.warning": {
        "category": "record",
        "sounds": [
            {
                "name": "count/warning",
                "stream": false
            }
        ]
    },
    "AN94": {
        "category": "record",
        "sounds": [
            {
                "name": "gunshot/an94",
                "stream": false
            }
        ]
    },
    "draw": {
        "category": "record",
        "sounds": [
            {
                "name": "gunother/gundraw",
                "stream": false
            }
        ]
    },
    "rA": {
        "category": "record",
        "sounds": [
            {
                "name": "gunother/magout",
                "stream": false
            }
        ]
    },
    "rB": {
        "category": "record",
        "sounds": [
            {
                "name": "gunother/magin",
                "stream": false
            }
        ]
    },
    "rC": {
        "category": "record",
        "sounds": [
            {
                "name": "gunother/boltback",
                "stream": false
            }
        ]
    },
    "rD": {
        "category": "record",
        "sounds": [
            {
                "name": "gunother/boltfoward",
                "stream": false
            }
        ]
    },
    "G36": {
        "category": "record",
        "sounds": [
            {
                "name": "gunshot/g36",
                "stream": false
            }
        ]
    },
    "L85": {
        "category": "record",
        "sounds": [
            {
                "name": "gunshot/l85",
                "stream": false
            }
        ]
    },
    "rE": {
        "category": "record",
        "sounds": [
            {
                "name": "gunother/galil_boltpull",
                "stream": false
            }
        ]
    },
    "rF": {
        "category": "record",
        "sounds": [
            {
                "name": "gunother/rf",
                "stream": false
            }
        ]
    },
    "Galil": {
        "category": "record",
        "sounds": [
            {
                "name": "gunshot/galil",
                "stream": false
            }
        ]
    },
    "FAMAS": {
        "category": "record",
        "sounds": [
            {
                "name": "gunshot/famas",
                "stream": false
            }
        ]
    },
    "HK417": {
        "category": "record",
        "sounds": [
            {
                "name": "gunshot/hk417",
                "stream": false
            }
        ]
    },
    "XM8": {
        "category": "record",
        "sounds": [
            {
                "name": "gunshot/xm8",
                "stream": false
            }
        ]
    },
    "M14": {
        "category": "record",
        "sounds": [
            {
                "name": "gunshot/m14",
                "stream": false
            }
        ]
    },
    "AUG": {
        "category": "record",
        "sounds": [
            {
                "name": "gunshot/aug",
                "stream": false
            }
        ]
    },
    "F2000": {
        "category": "record",
        "sounds": [
            {
                "name": "gunshot/f2000",
                "stream": false
            }
        ]
    },
    "SG552": {
        "category": "record",
        "sounds": [
            {
                "name": "gunshot/sg552",
                "stream": false
            }
        ]
    },
    "M4A1": {
        "category": "record",
        "sounds": [
            {
                "name": "gunshot/m4a1",
                "stream": false
            }
        ]
    },
    "AK47": {
        "category": "record",
        "sounds": [
            {
                "name": "gunshot/ak47",
                "stream": false
            }
        ]
    },
    "SCARL": {
        "category": "record",
        "sounds": [
            {
                "name": "gunshot/scar-l",
                "stream": false
            }
        ]
    },
    "SGd": {
        "category": "record",
        "sounds": [
            {
                "name": "gunother/sgdraw",
                "stream": false
            }
        ]
    },
    "SGR": {
        "category": "record",
        "sounds": [
            {
                "name": "gunother/inshell",
                "stream": false
            }
        ]
    },
    "SGA": {
        "category": "record",
        "sounds": [
            {
                "name": "gunshot/sga",
                "stream": false
            }
        ]
    },
    "SGB": {
        "category": "record",
        "sounds": [
            {
                "name": "gunshot/sgb",
                "stream": false
            }
        ]
    },
    "SGC": {
        "category": "record",
        "sounds": [
            {
                "name": "gunshot/sgc",
                "stream": false
            }
        ]
    },
    "MSGA": {
        "category": "record",
        "sounds": [
            {
                "name": "gunshot/msga",
                "stream": false
            }
        ]
    },
    "MSGB": {
        "category": "record",
        "sounds": [
            {
                "name": "gunshot/msgb",
                "stream": false
            }
        ]
    },
    "MSGC": {
        "category": "record",
        "sounds": [
            {
                "name": "gunshot/msgc",
                "stream": false
            }
        ]
    },
    "MSGD": {
        "category": "record",
        "sounds": [
            {
                "name": "gunshot/msgd",
                "stream": false
            }
        ]
    },
    "MSGE": {
        "category": "record",
        "sounds": [
            {
                "name": "gunshot/msge",
                "stream": false
            }
        ]
    },
    "Beneli": {
        "category": "record",
        "sounds": [
            {
                "name": "gunshot/beneli",
                "stream": false
            }
        ]
    },
    "HGd": {
        "category": "record",
        "sounds": [
            {
                "name": "gunother/hgd",
                "stream": false
            }
        ]
    },
    "HGr": {
        "category": "record",
        "sounds": [
            {
                "name": "gunother/hgr",
                "stream": false
            }
        ]
    },
    "HGre": {
        "category": "record",
        "sounds": [
            {
                "name": "gunother/hgre",
                "stream": false
            }
        ]
    },
    "Glock": {
        "category": "record",
        "sounds": [
            {
                "name": "gunshot/glock",
                "stream": false
            }
        ]
    },
    "USP": {
        "category": "record",
        "sounds": [
            {
                "name": "gunshot/usp",
                "stream": false
            }
        ]
    },
    "USP1": {
        "category": "record",
        "sounds": [
            {
                "name": "gunshot/usp1",
                "stream": false
            }
        ]
    },
    "SOCOM": {
        "category": "record",
        "sounds": [
            {
                "name": "gunshot/socom",
                "stream": false
            }
        ]
    },
    "PistolA": {
        "category": "record",
        "sounds": [
            {
                "name": "gunshot/pistola",
                "stream": false
            }
        ]
    },
    "P2000": {
        "category": "record",
        "sounds": [
            {
                "name": "gunshot/p2000",
                "stream": false
            }
        ]
    },
    "MugA": {
        "category": "record",
        "sounds": [
            {
                "name": "gunshot/muga",
                "stream": false
            }
        ]
    },
    "M1911": {
        "category": "record",
        "sounds": [
            {
                "name": "gunshot/m1911",
                "stream": false
            }
        ]
    },
    "M92FS": {
        "category": "record",
        "sounds": [
            {
                "name": "gunshot/m92fs",
                "stream": false
            }
        ]
    },
    "Lugar": {
        "category": "record",
        "sounds": [
            {
                "name": "gunshot/lugar",
                "stream": false
            }
        ]
    },
    "G2": {
        "category": "record",
        "sounds": [
            {
                "name": "gunshot/g2",
                "stream": false
            }
        ]
    },
    "FN57": {
        "category": "record",
        "sounds": [
            {
                "name": "gunshot/fn57",
                "stream": false
            }
        ]
    },
    "DE": {
        "category": "record",
        "sounds": [
            {
                "name": "gunshot/de",
                "stream": false
            }
        ]
    },
    "DW": {
        "category": "record",
        "sounds": [
            {
                "name": "gunshot/dw",
                "stream": false
            }
        ]
    },
    "AKS": {
        "category": "record",
        "sounds": [
            {
                "name": "gunshot/aks",
                "stream": false
            }
        ]
    },
    "K1": {
        "category": "record",
        "sounds": [
            {
                "name": "gunshot/k1",
                "stream": false
            }
        ]
    },
    "M10": {
        "category": "record",
        "sounds": [
            {
                "name": "gunshot/mac10",
                "stream": false
            }
        ]
    },
    "MP5": {
        "category": "record",
        "sounds": [
            {
                "name": "gunshot/mp5",
                "stream": false
            }
        ]
    },
    "MP7": {
        "category": "record",
        "sounds": [
            {
                "name": "gunshot/mp7",
                "stream": false
            }
        ]
    },
    "P90": {
        "category": "record",
        "sounds": [
            {
                "name": "gunshot/p90",
                "stream": false
            }
        ]
    },
    "PP2000": {
        "category": "record",
        "sounds": [
            {
                "name": "gunshot/pp2000",
                "stream": false
            }
        ]
    },
    "SMGSIG": {
        "category": "record",
        "sounds": [
            {
                "name": "gunshot/smgsig",
                "stream": false
            }
        ]
    },
    "SMG1": {
        "category": "record",
        "sounds": [
            {
                "name": "gunshot/smg1",
                "stream": false
            }
        ]
    },
    "M1982": {
        "category": "record",
        "sounds": [
            {
                "name": "gunshot/thompson",
                "stream": false
            }
        ]
    },
    "Type95": {
        "category": "record",
        "sounds": [
            {
                "name": "gunshot/type95",
                "stream": false
            }
        ]
    },
    "Type89": {
        "category": "record",
        "sounds": [
            {
                "name": "gunshot/type89",
                "stream": false
            }
        ]
    },
    "Type64": {
        "category": "record",
        "sounds": [
            {
                "name": "gunshot/type64",
                "stream": false
            }
        ]
    },
    "UMP": {
        "category": "record",
        "sounds": [
            {
                "name": "gunshot/ump",
                "stream": false
            }
        ]
    },
    "USC": {
        "category": "record",
        "sounds": [
            {
                "name": "gunshot/usc",
                "stream": false
            }
        ]
    },
    "UZI": {
        "category": "record",
        "sounds": [
            {
                "name": "gunshot/uzi",
                "stream": false
            }
        ]
    },
    "Vector": {
        "category": "record",
        "sounds": [
            {
                "name": "gunshot/vector",
                "stream": false
            }
        ]
    },
    "Bizon": {
        "category": "record",
        "sounds": [
            {
                "name": "gunshot/bizon",
                "stream": false
            }
        ]
    },
    "ASVAL": {
        "category": "record",
        "sounds": [
            {
                "name": "gunshot/asval",
                "stream": false
            }
        ]
    },
    "SMGd": {
        "category": "record",
        "sounds": [
            {
                "name": "gunother/smgd",
                "stream": false
            }
        ]
    },
    "SMGr": {
        "category": "record",
        "sounds": [
            {
                "name": "gunother/smgr",
                "stream": false
            }
        ]
    },
    "SMGre": {
        "category": "record",
        "sounds": [
            {
                "name": "gunother/smgre",
                "stream": false
            }
        ]
    },
    "Scout": {
        "category": "record",
        "sounds": [
            {
                "name": "gunshot/scout",
                "stream": false
            }
        ]
    },
    "SV98": {
        "category": "record",
        "sounds": [
            {
                "name": "gunshot/sv98",
                "stream": false
            }
        ]
    },
    "M110": {
        "category": "record",
        "sounds": [
            {
                "name": "gunshot/m110",
                "stream": false
            }
        ]
    },
    "PSG": {
        "category": "record",
        "sounds": [
            {
                "name": "gunshot/psg",
                "stream": false
            }
        ]
    },
    "FRF2": {
        "category": "record",
        "sounds": [
            {
                "name": "gunshot/frf2",
                "stream": false
            }
        ]
    },
    "G3SG1": {
        "category": "record",
        "sounds": [
            {
                "name": "gunshot/g3sg1",
                "stream": false
            }
        ]
    },
    "LMTMWS": {
        "category": "record",
        "sounds": [
            {
                "name": "gunshot/lmtmws",
                "stream": false
            }
        ]
    },
    "Mosin": {
        "category": "record",
        "sounds": [
            {
                "name": "gunshot/mosin",
                "stream": false
            }
        ]
    },
    "SR1": {
        "category": "record",
        "sounds": [
            {
                "name": "gunshot/sr1",
                "stream": false
            }
        ]
    },
    "SCAR20": {
        "category": "record",
        "sounds": [
            {
                "name": "gunshot/scar-20",
                "stream": false
            }
        ]
    },
    "SVD": {
        "category": "record",
        "sounds": [
            {
                "name": "gunshot/svd",
                "stream": false
            }
        ]
    },
    "VSS": {
        "category": "record",
        "sounds": [
            {
                "name": "gunshot/vss",
                "stream": false
            }
        ]
    },
    "VSR": {
        "category": "record",
        "sounds": [
            {
                "name": "gunshot/vsr",
                "stream": false
            }
        ]
    },
    "AFSO": {
        "category": "record",
        "sounds": [
            {
                "name": "gunshot/afso",
                "stream": false
            }
        ]
    },
    "SRd": {
        "category": "record",
        "sounds": [
            {
                "name": "gunother/srd",
                "stream": false
            }
        ]
    },
    "SRr": {
        "category": "record",
        "sounds": [
            {
                "name": "gunother/srr",
                "stream": false
            }
        ]
    },
    "R4": {
        "category": "record",
        "sounds": [
            {
                "name": "gunshot/r4",
                "stream": false
            }
        ]
    },
    "ckn": {
        "category": "record",
        "sounds": [
            {
                "name": "gunother/ckn",
                "stream": false
            }
        ]
    },
    "cz805": {
        "category": "record",
        "sounds": [
            {
                "name": "gunshot/cz805",
                "stream": false
            }
        ]
    },
    "dsr": {
        "category": "record",
        "sounds": [
            {
                "name": "gunshot/dsr",
                "stream": false
            }
        ]
    },
    "fal": {
        "category": "record",
        "sounds": [
            {
                "name": "gunshot/fal",
                "stream": false
            }
        ]
    },
    "fmg": {
        "category": "record",
        "sounds": [
            {
                "name": "gunshot/fmg",
                "stream": false
            }
        ]
    },
    "g18c": {
        "category": "record",
        "sounds": [
            {
                "name": "gunshot/glock18c",
                "stream": false
            }
        ]
    },
    "honeyb": {
        "category": "record",
        "sounds": [
            {
                "name": "gunshot/honeyb",
                "stream": false
            }
        ]
    },
    "infinity": {
        "category": "record",
        "sounds": [
            {
                "name": "gunshot/infinity",
                "stream": false
            }
        ]
    },
    "kar98k": {
        "category": "record",
        "sounds": [
            {
                "name": "gunshot/kar98k",
                "stream": false
            }
        ]
    },
    "m249": {
        "category": "record",
        "sounds": [
            {
                "name": "gunshot/m249",
                "stream": false
            }
        ]
    },
    "m1917": {
        "category": "record",
        "sounds": [
            {
                "name": "gunshot/m1917",
                "stream": false
            }
        ]
    },
    "p250": {
        "category": "record",
        "sounds": [
            {
                "name": "gunshot/p250",
                "stream": false
            }
        ]
    },
    "rsaf": {
        "category": "record",
        "sounds": [
            {
                "name": "gunshot/rsaf",
                "stream": false
            }
        ]
    },
    "sako": {
        "category": "record",
        "sounds": [
            {
                "name": "gunshot/sako",
                "stream": false
            }
        ]
    },
    "spas15": {
        "category": "record",
        "sounds": [
            {
                "name": "gunshot/spas15",
                "stream": false
            }
        ]
    },
    "tmp": {
        "category": "record",
        "sounds": [
            {
                "name": "gunshot/tmp",
                "stream": false
            }
        ]
    },
    "wa2000": {
        "category": "record",
        "sounds": [
            {
                "name": "gunshot/wa2000",
                "stream": false
            }
        ]
    },
    "crb": {
        "category": "record",
        "sounds": [
            {
                "name": "gunshot/vectorb",
                "stream": false
            }
        ]
    },
    "g3": {
        "category": "record",
        "sounds": [
            {
                "name": "gunshot/g3",
                "stream": false
            }
        ]
    },
    "czauto": {
        "category": "record",
        "sounds": [
            {
                "name": "gunshot/czauto",
                "stream": false
            }
        ]
    },
    "ps90": {
        "category": "record",
        "sounds": [
            {
                "name": "gunshot/ps90",
                "stream": false
            }
        ]
    },
    "birds": {
        "category": "record",
        "sounds": [
            {
                "name": "lobby/birds",
                "stream": false
            }
        ]
    },
    "higurashi": {
        "category": "record",
        "sounds": [
            {
                "name": "lobby/higurashi",
                "stream": false
            }
        ]
    },
    "kijibato": {
        "category": "record",
        "sounds": [
            {
                "name": "lobby/kijibato",
                "stream": false
            }
        ]
    },
    "matsumushi": {
        "category": "record",
        "sounds": [
            {
                "name": "lobby/matsumushi",
                "stream": false
            }
        ]
    },
    "rifle": {
        "category": "record",
        "sounds": [
            {
                "name": "lobby/rifle",
                "stream": false
            }
        ]
    },
    "river": {
        "category": "record",
        "sounds": [
            {
                "name": "lobby/river",
                "stream": false
            }
        ]
    },
    "school": {
        "category": "record",
        "sounds": [
            {
                "name": "lobby/school",
                "stream": false
            }
        ]
    },
    "sea": {
        "category": "record",
        "sounds": [
            {
                "name": "lobby/sea",
                "stream": false
            }
        ]
    },
    "suzumushi": {
        "category": "record",
        "sounds": [
            {
                "name": "lobby/suzumushi",
                "stream": false
            }
        ]
    },
    "train": {
        "category": "record",
        "sounds": [
            {
                "name": "lobby/train",
                "stream": false
            }
        ]
    },
    "widesiren": {
        "category": "record",
        "sounds": [
            {
                "name": "lobby/widesiren",
                "stream": false
            }
        ]
    },
    "uo": {
        "category": "record",
        "sounds": [
            {
                "name": "count/classic_hurt",
                "stream": false
            }
        ]
    },
    "Timberwolf": {
        "category": "record",
        "sounds": [
            {
                "name": "gunshot/timberwolf",
                "stream": false
            }
        ]
    }
}