{
"providers":[
{
"type":"bitmap",
"file":"minecraft:font/hwin2.png",
"ascent":12,
"height":40,
"chars":[
"\ufc00"
]
},
{
"type":"bitmap",
"file":"minecraft:font/zwin2.png",
"ascent":12,
"height":40,
"chars":[
"\ufc01"
]
},
{
"type":"bitmap",
"file":"minecraft:font/ak47.png",
"ascent":8,
"height":10,
"chars":[
"\ufc02"
]
},
{
"type":"bitmap",
"file":"minecraft:font/an94.png",
"ascent":8,
"height":10,
"chars":[
"\ufc03"
]
},
{
"type":"bitmap",
"file":"minecraft:font/aug.png",
"ascent":8,
"height":10,
"chars":[
"\ufc04"
]
},
{
"type":"bitmap",
"file":"minecraft:font/beneli.png",
"ascent":8,
"height":10,
"chars":[
"\ufc05"
]
},
{
"type":"bitmap",
"file":"minecraft:font/deagle.png",
"ascent":8,
"height":10,
"chars":[
"\ufc06"
]
},
{
"type":"bitmap",
"file":"minecraft:font/famas.png",
"ascent":8,
"height":10,
"chars":[
"\ufc07"
]
},
{
"type":"bitmap",
"file":"minecraft:font/g36.png",
"ascent":8,
"height":10,
"chars":[
"\ufc08"
]
},
{
"type":"bitmap",
"file":"minecraft:font/glock17.png",
"ascent":8,
"height":10,
"chars":[
"\ufc09"
]
},
{
"type":"bitmap",
"file":"minecraft:font/l96.png",
"ascent":8,
"height":10,
"chars":[
"\ufc09"
]
},
{
"type":"bitmap",
"file":"minecraft:font/m1a.png",
"ascent":8,
"height":10,
"chars":[
"\ufc0a"
]
},
{
"type":"bitmap",
"file":"minecraft:font/m4a1.png",
"ascent":8,
"height":10,
"chars":[
"\ufc0b"
]
},
{
"type":"bitmap",
"file":"minecraft:font/m24.png",
"ascent":8,
"height":10,
"chars":[
"\ufc0c"
]
},
{
"type":"bitmap",
"file":"minecraft:font/m37.png",
"ascent":8,
"height":10,
"chars":[
"\ufc0d"
]
},
{
"type":"bitmap",
"file":"minecraft:font/m82.png",
"ascent":8,
"height":10,
"chars":[
"\ufc0e"
]
},
{
"type":"bitmap",
"file":"minecraft:font/m500.png",
"ascent":8,
"height":10,
"chars":[
"\ufc0f"
]
},
{
"type":"bitmap",
"file":"minecraft:font/m870.png",
"ascent":8,
"height":10,
"chars":[
"\ufc10"
]
},
{
"type":"bitmap",
"file":"minecraft:font/m1500.png",
"ascent":8,
"height":10,
"chars":[
"\ufc11"
]
},
{
"type":"bitmap",
"file":"minecraft:font/m1887.png",
"ascent":8,
"height":10,
"chars":[
"\ufc12"
]
},
{
"type":"bitmap",
"file":"minecraft:font/m1911.png",
"ascent":8,
"height":10,
"chars":[
"\ufc13"
]
},
{
"type":"bitmap",
"file":"minecraft:font/mac10.png",
"ascent":8,
"height":10,
"chars":[
"\ufc14"
]
},
{
"type":"bitmap",
"file":"minecraft:font/mp5.png",
"ascent":8,
"height":10,
"chars":[
"\ufc15"
]
},
{
"type":"bitmap",
"file":"minecraft:font/mp7.png",
"ascent":8,
"height":10,
"chars":[
"\ufc16"
]
},
{
"type":"bitmap",
"file":"minecraft:font/mp40.png",
"ascent":8,
"height":10,
"chars":[
"\ufc17"
]
},
{
"type":"bitmap",
"file":"minecraft:font/nova.png",
"ascent":8,
"height":10,
"chars":[
"\ufc18"
]
},
{
"type":"bitmap",
"file":"minecraft:font/p90.png",
"ascent":8,
"height":10,
"chars":[
"\ufc19"
]
},
{
"type":"bitmap",
"file":"minecraft:font/pt92.png",
"ascent":8,
"height":10,
"chars":[
"\ufc1a"
]
},
{
"type":"bitmap",
"file":"minecraft:font/saa.png",
"ascent":8,
"height":10,
"chars":[
"\ufc1b"
]
},
{
"type":"bitmap",
"file":"minecraft:font/saiga.png",
"ascent":8,
"height":10,
"chars":[
"\ufc1c"
]
},
{
"type":"bitmap",
"file":"minecraft:font/scout.png",
"ascent":8,
"height":10,
"chars":[
"\ufc1d"
]
},
{
"type":"bitmap",
"file":"minecraft:font/spas12.png",
"ascent":8,
"height":10,
"chars":[
"\ufc1e"
]
},
{
"type":"bitmap",
"file":"minecraft:font/svd.png",
"ascent":8,
"height":10,
"chars":[
"\ufc1f"
]
},
{
"type":"bitmap",
"file":"minecraft:font/tavor.png",
"ascent":8,
"height":10,
"chars":[
"\ufc20"
]
},
{
"type":"bitmap",
"file":"minecraft:font/ump.png",
"ascent":8,
"height":10,
"chars":[
"\ufc21"
]
},
{
"type":"bitmap",
"file":"minecraft:font/usp.png",
"ascent":8,
"height":10,
"chars":[
"\ufc22"
]
},
{
"type":"bitmap",
"file":"minecraft:font/uzi.png",
"ascent":8,
"height":10,
"chars":[
"\ufc34"
]
},
{
"type":"bitmap",
"file":"minecraft:font/signpicture00.png",
"ascent":7,
"height":40,
"chars":[
"\ufc23"
]
},
{
"type":"bitmap",
"file":"minecraft:font/signpicture01.png",
"ascent":7,
"height":40,
"chars":[
"\ufc24"
]
},
{
"type":"bitmap",
"file":"minecraft:font/signpicture02.png",
"ascent":7,
"height":40,
"chars":[
"\ufc25"
]
},
{
"type":"bitmap",
"file":"minecraft:font/signpicture03.png",
"ascent":7,
"height":40,
"chars":[
"\ufc26"
]
},
{
"type":"bitmap",
"file":"minecraft:font/signpicture04.png",
"ascent":7,
"height":40,
"chars":[
"\ufc27"
]
},
{
"type":"bitmap",
"file":"minecraft:font/signpicture05.png",
"ascent":5,
"height":30,
"chars":[
"\ufc28"
]
},
{
"type":"bitmap",
"file":"minecraft:font/signpicture06.png",
"ascent":5,
"height":30,
"chars":[
"\ufc29"
]
},
{
"type":"bitmap",
"file":"minecraft:font/signpicture07.png",
"ascent":5,
"height":30,
"chars":[
"\ufc2a"
]
},
{
"type":"bitmap",
"file":"minecraft:font/signpicture08.png",
"ascent":5,
"height":30,
"chars":[
"\ufc2b"
]
},
{
"type":"bitmap",
"file":"minecraft:font/signpicture09.png",
"ascent":7,
"height":40,
"chars":[
"\ufc2c"
]
},
{
"type":"bitmap",
"file":"minecraft:font/signpicture10.png",
"ascent":7,
"height":40,
"chars":[
"\ufc2d"
]
},
{
"type":"bitmap",
"file":"minecraft:font/signpicture11.png",
"ascent":7,
"height":40,
"chars":[
"\ufc2e"
]
},
{
"type":"bitmap",
"file":"minecraft:font/signpicture12.png",
"ascent":7,
"height":40,
"chars":[
"\ufc2f"
]
},
{
"type":"bitmap",
"file":"minecraft:font/bullet.png",
"ascent":8,
"height":10,
"chars":[
"\ufc30"
]
},
{
"type":"bitmap",
"file":"minecraft:font/signpicture13.png",
"ascent":7,
"height":40,
"chars":[
"\ufc31"
]
},
{
"type":"bitmap",
"file":"minecraft:font/knife.png",
"ascent":8,
"height":10,
"chars":[
"\ufc32"
]
},
{
"type":"bitmap",
"file":"minecraft:font/infected.png",
"ascent":8,
"height":10,
"chars":[
"\ufc33"
]
},
{
"type":"bitmap",
"file":"minecraft:font/blank.png",
"ascent":5,
"height":5,
"chars":[
"\u2593"
]
},
{
"type":"ttf",
"file":"minecraft:negative_spaces.ttf",
"shift":[0.0,0.0],
"size":10.0,
"oversample":1.0
},
{
"type":"bitmap",
"file":"minecraft:font/nohp.png",
"ascent":-22,
"height":7,
"chars":[
"\ufc35"
]
},
{
"type":"bitmap",
"file":"minecraft:font/hp2.png",
"ascent":-22,
"spacing":0,
"height":7,
"chars":[
"\ufc36"
]
},
{
"type":"bitmap",
"file":"minecraft:font/hp3.png",
"ascent":-22,
"spacing":0,
"height":7,
"chars":[
"\ufc37"
]
},
{
"type":"bitmap",
"file":"minecraft:font/karambit.png",
"ascent":8,
"height":10,
"chars":[
"\ufc38"
]
},
{
"type":"bitmap",
"file":"minecraft:font/tomahawk.png",
"ascent":8,
"height":10,
"chars":[
"\ufc39"
]
},
{
"type":"bitmap",
"file":"minecraft:font/crowbar.png",
"ascent":8,
"height":10,
"chars":[
"\ufc40"
]
}
]
}